restaurant_id,restaurant_name,area,category,rating,review_count,couple_meal_score,couple_drink_score,friend_meal_score,friend_drink_score,business_meal_score,business_drink_score
1428481536,강남진해장,강남,한식,3.3,546,0.7101208447453529,0.7452603964727443,0.3618135841132655,0.5268316838544111,0.3538646706245992,0.4069808050319523
7983060,신동궁감자탕뼈숯불구이 역삼직영점,강남,한식,3.4,1319,0.3252101039639161,0.5511741260841478,0.3490440196749435,0.4657695619983324,0.40838307953570013,0.30320953592911043
1424086789,스시마이우 강남CGV점,강남,일식,4.3,185,0.7249904814745065,0.7336413452124934,0.39534812187884333,0.4156517361496042,0.43514154890529944,0.45521020576669696
19381618,갓포아키 도산공원점,강남,일식,4.3,81,0.6529684894898412,0.7671657361040879,0.39437866643608427,0.3270710130905155,0.3488387584728447,0.3543242184427952
24041168,시추안하우스 삼성점,강남,중식,3.3,202,0.603506937251867,0.7631928068513684,0.4559609876775288,0.5201572443978099,0.45647917816646966,0.4540654964034566
10954377,가담,강남,중식,3.2,287,0.3571088516358185,0.5543345750312804,0.30358244822613034,0.35145981974245183,0.3547742434402617,0.3600541202331952
26572124,울프강스테이크하우스 청담점,강남,양식,3.7,1403,0.7100172243105988,0.7346573733100941,0.41720002155844604,0.40854658706905445,0.3746340649521576,0.3964109502118993
1124684582,어거스트힐 강남점,강남,양식,3.5,2235,0.7403453718871743,0.7896615883194787,0.4782042357287255,0.39972603412589297,0.3964479002430133,0.3085658426472253
1551955711,카페프라미스,강남,카페 디저트,4.2,171,0.7714939410803532,0.7870056751226743,0.484480437552159,0.4727823989453965,0.5853657413303045,0.50587486942624
1419529121,더플레이트디저트,강남,카페 디저트,3.7,132,0.2508951615218904,0.4813761265207492,0.3276816529865636,0.3588061657546306,0.34767038509905396,0.3521056270251918
27229361,미식일가,건대,한식,4.1,114,0.5272627797263252,0.7528423219761988,0.3940891274053013,0.3967984517486839,0.3545460993754638,0.2864467241928265
17101239,고흥순대국머리고기,건대,한식,3.7,188,0.2514993387879453,0.5100235737688806,0.3862985986289613,0.454207119399219,0.3353164566043071,0.400294688888066
413860309,고씨네 건국대점,건대,일식,4.9,28,0.2638989823275328,0.5383371938994348,0.4004149862429678,0.3507715485040174,0.31529900464877925,0.3003918109117531
1873080066,포비,건대,일식,3.6,128,0.669978901594204,0.7579859038866743,0.338505218293203,0.4192889319006287,0.36514319234570725,0.3536820236605643
1026281815,하이디라오 건대점,건대,중식,4.2,941,0.2981799189511563,0.5453492333488849,0.34639722806487316,0.4002137900057984,0.2940602500027673,0.36381334547226785
610799971,송화산시도삭면 2호점,건대,중식,4.2,983,0.28687823860535183,0.5386239116261675,0.3547316719314745,0.40371652806354535,0.39449181679943973,0.30316463439190566
747243423,드로잉레시피,건대,양식,3.6,454,0.5474526925536167,0.7298501505045911,0.41313231947823453,0.47372961748018677,0.3023969102111136,0.24733328954400416
641607564,페르바코,건대,양식,4.9,39,0.5613961058503656,0.7494917867281904,0.3407388640132446,0.4779280090267063,0.3839819466336014,0.2685422670850166
1047206173,보리스카페,건대,카페 디저트,4.5,45,0.23896441511612834,0.563084370962515,0.40695686499892236,0.34559159502067865,0.33207352481443536,0.2762898832511894
693959559,해피니스디저트 건대점,건대,카페 디저트,0.0,250,0.7169495927747948,0.7723854832254047,0.23762192007922917,0.3081082734335835,0.37486070425332263,0.2570706757212002
1999496197,쭈꾸미도사 잠실새내점,잠실,한식,3.9,1954,0.30400563584805573,0.6100570395684489,0.33343425312968655,0.29365991880082154,0.3311092177268672,0.31607044210304075
1747047105,후발대 잠실직영점,잠실,한식,4.7,283,0.322205496779369,0.5741385022732328,0.4091247023449563,0.4106971392989921,0.3536972972281355,0.3322386366830468
1014186276,훈지,잠실,일식,4.9,136,0.6595340476224619,0.7040307128068394,0.36551986937958,0.4100916051702917,0.3954032854630447,0.4407111477112282
2097670691,선남씨,잠실,일식,4.2,147,0.28451156600723737,0.5833355528361696,0.3998980384963975,0.4067625812895745,0.3272799809364865,0.387499358329197
1770327564,무한리필 홍태관 잠실새내본점,잠실,중식,4.3,83,0.2781162637138442,0.5000326200484627,0.40952005095404204,0.3900658950818207,0.2905295414675233,0.33472439862175063
17969703,샹하이,잠실,중식,3.7,16,0.26161053869232026,0.5052705877295465,0.42994670050443723,0.37538719785917185,0.3003011825978303,0.3402681550890505
1135861647,미태리 잠실새내점,잠실,양식,4.5,46,0.42036221578362976,0.49844475254721715,0.553205108689354,0.41070772117840093,0.33822249013027034,0.3447894582992705
21328141,도미노피자 잠실본점,잠실,양식,2.4,21,0.3102937724194261,0.4820260231662157,0.3286573153808252,0.3605377597355428,0.351108953456263,0.2832660178169678
985464745,카페르뽀,잠실,카페 디저트,4.8,11,0.3104466459792565,0.5171383512390845,0.3696233644534786,0.3752103787929111,0.33524702810926266,0.3598476035929608
17163273,농민백암순대 본점,강남,한식,4.5,1570,0.2820545266575915,0.4316454139729549,0.28626373233555524,0.3666657375785435,0.35419714194496943,0.25924404421260167
27531028,중앙해장,강남,한식,4.1,1586,0.271167446609872,0.46010629023858624,0.32756369811839664,0.5513448705542826,0.3846885311526716,0.23892485440661235
2073285111,신사모소리,강남,한식,4.3,250,0.7026867993079481,0.7784610260339461,0.47753560726234645,0.46087023346855766,0.4798102325589258,0.4107390425366582
13092552,뉴만두집,강남,한식,3.9,540,0.31756273564993115,0.48787163439020637,0.38344874966195247,0.3978688456193197,0.3092068148242946,0.3632485059776186
12418029,을밀대 강남점,강남,한식,3.6,376,0.21445064912117284,0.5429561403838519,0.36440945231251803,0.4319404404904741,0.34900495637692147,0.3863117673574565
14569639,이도곰탕 본점,강남,한식,4.1,363,0.5655191632681672,0.6089942603222138,0.4061445455232366,0.4504770769738952,0.3604029224985104,0.366101553577846
1511737742,돝고기506,강남,한식,3.5,323,0.7578866927135343,0.782118561453499,0.564061106013401,0.5162686740092873,0.4965440157894613,0.4330910597853341
27261403,능라도 강남점,강남,한식,3.8,246,0.3134392586995641,0.5273118953905962,0.4230427819234114,0.4789031480553735,0.37371272059748945,0.284452860090322
2142723351,해담채 강남점,강남,한식,4.1,158,0.6863568391062083,0.797599014159003,0.44334937691460496,0.37138355423405317,0.5961964198741923,0.48476704126229786
26565017,진대감 선릉점,강남,한식,4.7,2058,0.35832163472939565,0.5635497038782862,0.44065341150970044,0.32757727242165624,0.32142364143216606,0.3546722602754081
8475048,한일관 압구정점,강남,한식,3.4,144,0.6935050114711043,0.7380090296992224,0.4253317844150168,0.49108578292911326,0.7317241148641225,0.6125589736501844
1503746075,창고43 강남점,강남,한식,3.5,263,0.6505213258502326,0.7210077652367096,0.39725842635103353,0.3377413683229369,0.4134781205524968,0.44079996491656476
7891890,별양집,강남,한식,4.4,156,0.3595071520465398,0.5472718071389774,0.3885648146587189,0.40258921530307307,0.4353422104506151,0.4796594647433258
2032952073,일품진진수라 선릉점,강남,한식,4.6,669,0.7840705269075756,0.7650583114789513,0.569817216588413,0.41208758972845483,0.559789228471261,0.5159880658743184
13102233,세종한우 학동역점,강남,한식,3.8,299,0.26663115520803227,0.5211177440104727,0.3455089947841861,0.2803065014944992,0.3969737040941364,0.2954032299915046
1614493196,참치공방 강남점,강남,일식,3.8,296,0.6528666224515182,0.7838135450889954,0.438851717968054,0.3699207955778567,0.6604030188917362,0.5465547732756141
16875542,가나돈까스의집,강남,일식,2.9,363,0.2656774286657865,0.5709007635133417,0.35963100641466816,0.5264551256331508,0.38274391863444784,0.3641753448591219
1989327162,나이스샤워 역삼점,강남,일식,4.0,114,0.2708603081280145,0.4997798617552419,0.42626923546592127,0.41798594272608286,0.31810608858992606,0.34506091371016984
18324313,미미면가 본점,강남,일식,3.6,440,0.36235255252229726,0.6125949384688164,0.38264624885886056,0.47901248069365115,0.3603424807059045,0.4544477305902213
913979606,참치공방 선릉점,강남,일식,4.4,248,0.6333349945157013,0.7409185129225198,0.45619609119325705,0.3877715241068293,0.5390477961437193,0.5584337735993772
15270381,스시선수,강남,일식,4.5,77,0.2511856191374857,0.43173346299436705,0.3801619143390733,0.2587593402048004,0.4807785274400717,0.4219609189808151
13573425,기세끼 논현점,강남,일식,4.0,160,0.7355246619321565,0.8017300863581202,0.5692354674905995,0.4330279111716369,0.7189341536453091,0.4378289163378884
27440495,136길 육미,강남,일식,3.8,384,0.28014441320050637,0.5664775516344872,0.49108804774513676,0.4471723091673424,0.35136413300843095,0.43422100029132676
27415522,와라야키 쿠이신보,강남,일식,3.7,88,0.2647217302439325,0.49982141638724825,0.393896099480083,0.3450462907346791,0.3362789607621071,0.32631797307812416
1493770873,오레노이키루미치 압구정본점,강남,일식,4.3,181,0.3297850260296,0.5950985910240371,0.41298938339042457,0.45776824696497964,0.39740424104362637,0.3449089292463011
10030025,후지,강남,일식,4.8,133,0.4261143488544641,0.6281154716817133,0.3379072760037124,0.37645211034095943,0.47844899423206816,0.48927752426109294
13119179,큰물참치 강남점,강남,일식,3.7,135,0.6227953739381015,0.7206939281144086,0.3760480180079685,0.3933320396519478,0.6417455369342849,0.45880190803116316
1950857675,오레노라멘 강남점,강남,일식,4.2,1299,0.2898334046103758,0.5782614063982501,0.35309598142083415,0.3467506811680017,0.35796813588207543,0.4131034748924532
10972091,홍명,강남,중식,3.6,644,0.2309042123719409,0.5044221010942673,0.37610511557001886,0.3442612282943006,0.4399797433504494,0.4340943043993482
24010315,골드피쉬딤섬퀴진,강남,중식,4.0,1501,0.3506802886106921,0.49815381913639906,0.42517402423177475,0.3361788537005,0.4602857193583011,0.3566750690586465
7815078,대가방 본점,강남,중식,3.3,543,0.17438006103647208,0.5495896397321589,0.37639626982757646,0.42403241810483766,0.4643618546279657,0.38859117796068865
1770731230,팀호완 삼성점,강남,중식,3.4,872,0.25176481635823733,0.5236935153233587,0.38865389052590427,0.37968388784561147,0.4895121860459125,0.39350819506367085
260283466,구구당,강남,중식,3.6,3356,0.6492209679551078,0.7552302112551711,0.4602956134297963,0.3928454975449388,0.49460132268987544,0.4936865787880826
12140312,몽중헌 청담점,강남,중식,3.7,302,0.6041933991214401,0.7490103476686698,0.4001255312036609,0.4582364034533139,0.5457960366543032,0.5620278143719292
25155819,파크루안 역삼점,강남,중식,3.7,297,0.6216099861508972,0.7717927700566277,0.4549485935871048,0.5328986361734767,0.45143535977377514,0.46003839230533067
791775664,천미미 신사점,강남,중식,4.1,219,0.38038531372315276,0.5645681380129435,0.4211799636698787,0.44815619973824394,0.33451171211060365,0.39254960933487015
10252806,대려도,강남,중식,3.8,110,0.6561494920342167,0.782660385675046,0.40630489884510435,0.2719673040819376,0.3612026450778607,0.34084988568446917
18283045,마담밍 선릉점,강남,중식,4.4,240,0.32676092055382616,0.5638226367779393,0.4241379380567653,0.3680871039799679,0.35667812718156955,0.3545726772234972
1262079557,송쉐프 본점,강남,중식,3.6,177,0.29088407251585274,0.5792822894564986,0.4566747668740715,0.3481829582388947,0.5654259012816661,0.45257142341721895
980076754,인량 훠궈,강남,중식,4.3,680,0.5542783318195973,0.6285995839189199,0.5509787164849329,0.40149413684467145,0.40862461005164225,0.5385835974439724
25550206,아방궁,강남,중식,3.6,239,0.6217025351258504,0.7987963881566156,0.473740548223554,0.4264086042689717,0.5721881519337898,0.5457699858531486
11026324,공리 강남구청역점,강남,중식,4.4,737,0.350190352513157,0.5472891724280035,0.47132077194140565,0.41435528850314235,0.2945719791902404,0.2933193424491529
528537292,훠궈나라 강남점,강남,중식,3.6,475,0.3363350307959807,0.5245088136490731,0.38739973248997916,0.4028579674999536,0.425317882253661,0.33853502911058836
23999472,불이아 역삼점,강남,중식,4.1,353,0.6636441360738349,0.7602808296509502,0.5587105652713061,0.4810608208734034,0.4835226581422434,0.530016519327104
735898829,홍보각,강남,중식,4.4,453,0.4201363113190913,0.6117378382812237,0.4993431972162882,0.30544835978376916,0.40840203076747533,0.4326723254873429
909184198,몽중헌 대치점,강남,중식,3.8,168,0.7258439577331723,0.7863203121631591,0.3636074242885559,0.41006718399975683,0.45965086883555994,0.5183296248961589
25115599,한성양갈비양꼬치 강남점,강남,중식,3.5,116,0.26941694015143336,0.5109180556717652,0.3248217057118749,0.44876886291226525,0.3112575239628678,0.3620612183634177
66544493,일일향 압구정1호점,강남,중식,3.1,158,0.23757669703301112,0.544139006192488,0.3353329392172503,0.4119219233124004,0.28823886462812914,0.31572291460588686
948434557,호신각,강남,중식,4.4,225,0.27554611766972525,0.5336255850184808,0.39994659977092556,0.35877007896472196,0.32425777372971165,0.31594653163334
2001311524,중화백반 강남구청점,강남,중식,4.7,501,0.7646738869708982,0.7455829845527774,0.5735305463548821,0.5463666813232614,0.6245224593766876,0.6374701702575799
1655913908,서래향 수서점,강남,중식,4.5,652,0.7165238972923126,0.7871293608892556,0.5323256515870183,0.5278387105468724,0.6619108882940543,0.669343215477069
2076338271,원스타올드패션드 햄버거,강남,양식,4.0,448,0.27338336991232187,0.5366115207522503,0.4054465988910389,0.3613901058493515,0.3551488749383382,0.38950467303311687
12026995,지아니스나폴리 역삼점,강남,양식,4.1,244,0.5754892278776429,0.7292625949095395,0.3824395503683817,0.3934788434100314,0.2759593749692189,0.24816966828320683
1565367501,쵸이닷,강남,양식,3.5,645,0.6939379335940347,0.7386188664904986,0.3657729803948115,0.32759923189247986,0.3960114477143379,0.32402027072313283
27129003,알라프리마,강남,양식,4.5,272,0.706540594879318,0.7814182418953082,0.36359431352931215,0.30391728024046455,0.4180713486350442,0.40072702739099403
586363951,크라이치즈버거 삼성역점,강남,양식,4.4,420,0.3314283009035569,0.5132959102796565,0.34940356695486696,0.32574895706019236,0.4153324437987964,0.4009235467590224
1469510606,빌즈 강남,강남,양식,3.1,452,0.5909292019323626,0.7747226279564735,0.35895836370665013,0.5580773450521287,0.33288115004174046,0.4207974381257015
27271692,비야게레로,강남,양식,4.2,598,0.2617818505394198,0.5404126833519555,0.35669494294939974,0.45131687136127097,0.300478641012774,0.27146072397143417
7857136,마노디셰프 강남점,강남,양식,4.2,675,0.645833814080542,0.7146616082741367,0.3861803197188058,0.4063141421256213,0.5859999171900356,0.46437599132670265
18074322,파씨오네,강남,양식,4.6,238,0.7407846957565868,0.7743955987420122,0.42683455508072055,0.403739400916584,0.5773088809422062,0.4710125292514385
368469701,조인바이트,강남,양식,4.3,758,0.6652002577860555,0.7750003012678632,0.5267608317428054,0.31270202746893094,0.5493068605590679,0.4106116254382179
237005010,로마옥 도곡,강남,양식,3.8,636,0.7321359883194789,0.7889182213980757,0.47070857394706084,0.40802408535632895,0.4057482315053575,0.5185280440739545
1250460135,마초 스테이크,강남,양식,4.6,453,0.3626079898452748,0.48778526265353184,0.42305736830398466,0.4383622771884366,0.3631506981293536,0.25943737038461556
1248615345,텍사스데브라질 압구정점,강남,양식,3.6,647,0.5473592244463339,0.7916954646898501,0.28347208571300814,0.37487248713180826,0.3986191823736736,0.25685879660039695
19808159,오리지널팬케이크하우스 가로수길점,강남,양식,3.8,277,0.6794014449952979,0.7350438870488627,0.40325002768595275,0.43009426785059235,0.3599598322205679,0.3385096663990789
312947795,무오키,강남,양식,4.4,190,0.6995482199755635,0.7888237983790323,0.36629245728552023,0.3646252536198076,0.41232923365658747,0.3802850552805444
929201336,스터번,강남,양식,4.6,115,0.7417154978527044,0.7393829291811931,0.4595229110876543,0.4161413873628379,0.34310176929538827,0.2953751689433182
26856753,브루클린더버거조인트 가로수길점,강남,양식,3.9,301,0.7084381564432501,0.7131521672026889,0.4466490462570502,0.470943378300912,0.3772463101488764,0.43705581076909755
792244011,퀸즈블러바드,강남,양식,3.6,232,0.6549777271162747,0.7663906969839172,0.45329437479343004,0.3987603244000858,0.3468583472443046,0.3143621111468708
1697940758,비어룸,강남,양식,3.8,295,0.6383330302073494,0.7852481335502685,0.3884281359808302,0.44101476697723824,0.4629337754429753,0.3693377277067148
21311108,마켓오 압구정점,강남,양식,3.8,128,0.4223918127425853,0.5636937900479783,0.44243126298461616,0.44659957024446717,0.608659046886185,0.4828856600449648
1851273390,페어링룸,강남,양식,4.1,442,0.6359052294227832,0.7132774367172522,0.3282585089197856,0.4264355998407213,0.35007465464744303,0.29801776465971025
1950123074,스케줄 청담,강남,양식,0.0,661,0.7493070602322147,0.7471157310767597,0.2554866012926002,0.3608122236701208,0.3533275615951494,0.26727794376347785
1779217087,썬더버드 청담점,강남,양식,3.9,300,0.32017529734485634,0.5612850301453984,0.44927980514597,0.34591831941174483,0.45168580888118515,0.36451502724517004
1983100839,런던 커파 수제 샌드위치 디저트 맛집,강남,카페 디저트,0.0,0,0.26220576570069015,0.3820494593604925,0.30258412697509346,0.2902872258004266,0.37159905944103433,0.2375180377433828
1146753407,카페로니브런치 디저트,강남,카페 디저트,0.0,0,0.26873489478908136,0.3451376390642708,0.30351579575981036,0.287326445495571,0.3646787142996957,0.25901518179764366
27301629,디올카페,강남,카페 디저트,4.0,24,0.6994461290832181,0.7746403760717528,0.2866162127354717,0.2341428227845403,0.4586108810082233,0.4570325729069765
1027809775,프리미엄디저트카페 더푸릇,강남,카페 디저트,5.0,7,0.6365177549255547,0.7096146790035733,0.43651710545705724,0.43391533165666274,0.3644338664841686,0.40843379149280534
22400767,10꼬르소꼬모서울카페,강남,카페 디저트,3.4,1,0.6617247695742204,0.7829331293681288,0.29242166304579065,0.22958445281038337,0.34341209224872876,0.4258431156107365
27347412,크라프트카페,강남,카페 디저트,4.0,129,0.7439690639191711,0.7739238463173402,0.45196469655154087,0.30466655341120374,0.605374493937036,0.45568561963943355
150499518,에이비카페,강남,카페 디저트,3.5,414,0.7267643137710766,0.7804343224704102,0.41302440824561476,0.3003947091707842,0.45509687334812304,0.5910545957541579
1104225959,카페키츠네 서울,강남,카페 디저트,3.9,100,0.6910769570511264,0.7881835066112444,0.3334579448480739,0.259451845304151,0.35250163069743584,0.35461389553453176
1174051341,카페시트롱,강남,카페 디저트,3.8,67,0.27218737044674074,0.5620703694562234,0.4525295644971136,0.4192667876244762,0.31413776502251817,0.3068530158290838
764363993,인포메이션카페,강남,카페 디저트,4.2,295,0.7584655095410958,0.7172406992083288,0.4067721604690639,0.3499037536860281,0.3506170608263457,0.5264877423222584
450110126,카페공명 신사가로수길점,강남,카페 디저트,4.8,395,0.7320223193228569,0.769749392191868,0.41167645858891283,0.3416859368309681,0.41095211241955465,0.676907449192763
675372031,디저트카페 연,강남,카페 디저트,0.0,0,0.26873489478908136,0.3451376390642708,0.30351579575981036,0.287326445495571,0.3646787142996957,0.25901518179764366
182581980,카페 카이브,강남,카페 디저트,4.6,493,0.6461512607620222,0.766396668188609,0.49096225983226754,0.3465835527654899,0.49636220415523086,0.4759215825721677
1329992832,플로렛플라워카페,강남,카페 디저트,4.1,44,0.4461168594497321,0.6040348335204699,0.36353061551092314,0.2972263140528639,0.4249719497451433,0.2894076793580278
2132203239,카페풀림,강남,카페 디저트,4.5,254,0.8062495155575098,0.7672691473060409,0.519611530602363,0.4421106334311873,0.3630991265669129,0.3435442123855997
100026790,카페로얄마카롱 신사역점,강남,카페 디저트,4.8,94,0.2875577415068182,0.5718482681318287,0.363271065288098,0.3410056394828133,0.422521005444649,0.5262188601794178
16501999,카페올,강남,카페 디저트,4.8,9,0.43117907887456,0.5088550398066675,0.3178325149797334,0.2877645308265656,0.31803969273808136,0.4020212190539428
1581244530,카페 그라브 논현,강남,카페 디저트,2.3,189,0.7962599474818852,0.7687787864051485,0.29645037868036117,0.39670450720960804,0.4953800333364641,0.39742924422693715
1107978574,카페드몽슈슈 선정릉점,강남,카페 디저트,3.7,12,0.6328242859227836,0.7944458671755446,0.31382534769380194,0.3281099459079765,0.6322277715031615,0.5125088639088226
230292537,카페블랑131,강남,카페 디저트,3.0,4,0.3102937724194261,0.3157417148510813,0.24308620297374522,0.30675991278478415,0.40583516557493554,0.19284907154806644
17748080,아르켓 카페 가로수길점,강남,카페 디저트,4.8,35,0.692905195781428,0.7315916826076684,0.40888690757047785,0.3731576069868972,0.36211136226320423,0.3938665698139257
2122601987,아틀리에폰드카페,강남,카페 디저트,4.0,0,0.6192006968028089,0.7552610902959422,0.31558960883193,0.2805426503480296,0.4539509211394095,0.2239911180447377
1097688606,카페카푸치노,강남,카페 디저트,5.0,2,0.2829917093089607,0.3675118957148175,0.25036397335733435,0.2743343566161183,0.41737563409581746,0.2201735457656728
1994479496,통큰감자탕 건대본점,건대,한식,4.6,145,0.29881298863454375,0.5151603914508562,0.35790944284425164,0.37080564273504596,0.2778897478959695,0.324474749085023
715808397,연탄불꿀곱창,건대,한식,4.4,44,0.3157730778393509,0.6091747508326907,0.3649258357808843,0.3767136385839501,0.3192546601726115,0.3104951531866785
2103908554,정면,건대,한식,4.6,618,0.4067756386129078,0.603554671182263,0.37973683087466975,0.44173387314602186,0.36215261626022516,0.32979971104601796
7831256,대원칼국수,건대,한식,4.5,222,0.23821958338303106,0.5067539422006496,0.44758647216525843,0.32372612507973236,0.3181054023147231,0.3406128305591215
12183322,재희네식당,건대,한식,4.6,37,0.2442906249253966,0.4372932635589755,0.3828897356539085,0.3165758279372272,0.4159413642510963,0.3156246600606638
1129498256,풍년상회,건대,한식,4.5,81,0.30698123006288536,0.5355652090537665,0.46243932273432364,0.3698383174235893,0.4167646933774195,0.2648366880335971
1284850607,구의동손칼국수,건대,한식,4.6,87,0.27875685104576403,0.4992274306010161,0.31570150313844303,0.42934684863689815,0.2744276352140228,0.3649775813540943
13613012,알촌 건국대점,건대,한식,4.5,21,0.2875474966365921,0.4792884962854665,0.36167468011960857,0.2931031276083431,0.37734484247617067,0.2858613008018147
1034593873,뇌산 마을 건대직영점,건대,한식,4.8,190,0.746837914987066,0.7484317854984768,0.4400492377674953,0.48071390695448213,0.4542628605053429,0.35501445535188103
967000236,박과장의조은회사,건대,한식,4.4,494,0.6770263615053099,0.7430737505120549,0.4607243504948478,0.4996390887471323,0.4459444538577217,0.34677662633217954
1032401631,미가담,건대,한식,4.3,48,0.31958979397977383,0.531823832136599,0.4784142020694003,0.3955547773916988,0.32253186382080995,0.25864110295310855
14984027,자양감자탕,건대,한식,3.1,36,0.2449889850578744,0.5149700349420558,0.2926141448710396,0.3078403031887858,0.3368791169491342,0.26420570220894424
1776400057,열불날개 건대본점,건대,한식,4.2,276,0.23008547495105397,0.4655470048214887,0.4002415466493663,0.3925716192704966,0.31083649685521464,0.3431663339762134
18542711,스시오 건대점,건대,일식,3.8,187,0.48327440958191625,0.5660416774964252,0.4400942988747566,0.40386594863519515,0.3943714160118918,0.33260207718392226
8029124,우마이도 건대점,건대,일식,3.9,249,0.36027454780013324,0.5601726721139929,0.37829125452030965,0.4372440861233127,0.3504592213182316,0.28423681761887254
18834003,요비,건대,일식,4.6,816,0.7257660984497443,0.7547677216164755,0.4438565185006216,0.381064923834344,0.5603058288826329,0.5469115269810919
11989881,호야초밥참치 본점,건대,일식,2.9,681,0.3012911891695275,0.463600817201463,0.36748687780589934,0.4052919959098207,0.31722054781750897,0.3599262802735375
1990556306,멘쇼,건대,일식,4.3,221,0.5927716022028932,0.5400954373762394,0.36559840290517825,0.40918315513459025,0.38992856630994177,0.32409561912832197
129897442,고베규카츠 건대점,건대,일식,0.0,2911,0.6937038859477693,0.7296272104665544,0.22769529734941124,0.3128393995053016,0.39584566487971273,0.28576752105057646
1277643944,가츠시 건대점,건대,일식,4.4,53,0.3844327491758517,0.531213739073488,0.4444887903526015,0.29189572079599024,0.35785717735626055,0.2673643560524396
1441425449,오코노미야키식당하나,건대,일식,4.6,378,0.32994810435795535,0.5022646132406888,0.32538004346980054,0.3898336487923155,0.31446126229696186,0.29685559005750284
26874320,포크포크 본점,건대,일식,4.2,111,0.2717365381347307,0.43736477721327494,0.35650842887299994,0.35475115521325046,0.29974780397161765,0.2727903128322342
2124112913,부탄츄 건대점,건대,일식,3.7,149,0.2600157312104411,0.50658260021613,0.3532897236791436,0.4543423232580278,0.3385266324149196,0.33392014785998597
26602338,스위트앤카츠 화양직영점,건대,일식,3.5,91,0.2995543452625775,0.6265291680572909,0.42799114966644536,0.3341677913207476,0.3839778119370999,0.3670405787280646
26639136,홍도초밥,건대,일식,4.2,76,0.24434302887792575,0.5080861993096044,0.4194341542163136,0.4766296813816792,0.3176222589562044,0.26354100471760833
1451273565,오마카세 오사이초밥 건대본점,건대,일식,4.2,304,0.7296729059090918,0.8046765800781227,0.45883408209830834,0.5029721764010087,0.3132321797760104,0.41176844140364444
1477555417,초라멘,건대,일식,4.6,172,0.32715710360226435,0.5192085411198374,0.3729619334621156,0.4344424080652474,0.36366877094397954,0.33812074628468336
101376727,코노하 건대점,건대,일식,4.5,206,0.7283010010308891,0.7309836934557995,0.3928464970786895,0.4933968859212173,0.36086889380294296,0.37270622467082326
15092552,겐로쿠우동 건대직영점,건대,일식,3.8,121,0.2684356237522554,0.6020492910939134,0.35717105013726497,0.3154416038310764,0.401809334177416,0.2570954495220145
798519975,멘츠루 어린이대공원점,건대,일식,4.4,340,0.24968282497711575,0.5063522227637031,0.32296385918687004,0.3188487329730753,0.396865818372798,0.21908001304104457
759662030,스시온기,건대,일식,4.7,86,0.31803387445549053,0.508524831331838,0.4122819331011675,0.34389739060715846,0.29435170889280277,0.35745661412463187
341349377,고미돈까스,건대,일식,4.2,847,0.41758525510418765,0.5154037387096608,0.3679042268951875,0.34447228838871463,0.4454518502884774,0.36182910273327834
335180419,동경규동 건대점,건대,일식,4.0,66,0.6152542191973356,0.640923152419135,0.4069844349011439,0.4019826331135757,0.35110321095339914,0.2822285974458642
251280950,강경수참치,건대,일식,3.9,37,0.5207619826357889,0.7495468866422123,0.358161240681887,0.3505122766823379,0.38303346141254485,0.26365798788675204
1176716498,난바다스시 구의본점,건대,일식,3.6,167,0.3070672821744477,0.4474173759013179,0.4486439673036862,0.5691249934617049,0.5069568598256853,0.46596387822046337
917132114,긴자료코 건대점,건대,일식,3.3,181,0.24892761580793998,0.5327695166555522,0.336262529963402,0.43218670358513683,0.28476464732472007,0.27856192589760026
7971958,시옌 건대점,건대,중식,4.0,66,0.2181969781623191,0.6061168036276822,0.38055002202492805,0.401154260722731,0.34916938618466703,0.2476642456171401
404796788,용가회전훠궈 건대점,건대,중식,3.8,840,0.38955835736206357,0.5425917347030308,0.32206765164996476,0.3256466593325219,0.3953559398393426,0.5737965346550151
27594064,훈춘양꼬치 1호점,건대,중식,4.6,217,0.2749594519347147,0.5253096907423944,0.3378507251032381,0.4635976861625762,0.37153109948474583,0.3394725615755437
1419567762,중경식객,건대,중식,3.3,202,0.2883875724354433,0.49055800178401526,0.31428476863293836,0.4140869554266405,0.42389578945943024,0.3053959086137789
15101449,빠오즈푸,건대,중식,3.9,306,0.29709207911314645,0.5210657943860524,0.3754588761707174,0.49093592769912986,0.40009587367206023,0.30586030783226775
14822911,송화양꼬치,건대,중식,4.2,297,0.27636489797671976,0.5276787392017896,0.44991974279223174,0.4269171533011834,0.3733620557248101,0.2853907493430156
21232416,화원식당,건대,중식,4.5,22,0.32658269662410316,0.630212977577468,0.4243717771052288,0.3258639686775778,0.41172057322770506,0.26439464041710714
1736699136,시홍쓰,건대,중식,4.5,262,0.24365140260097892,0.5337066559887225,0.3289874274991158,0.34160922015996875,0.38796747695547446,0.3362805289482107
86584378,고향양꼬치,건대,중식,4.4,1090,0.6617494972662915,0.7766732239829119,0.4990283460356206,0.33457248793483796,0.42216832450359293,0.4045038801829448
1209599122,명봉반점(명봉양꼬치),건대,중식,4.7,571,0.6342100034351074,0.7329038491452199,0.5249291552485295,0.4653219868201347,0.33180268997034007,0.3625903685190365
19983662,매운향솥,건대,중식,4.2,292,0.32331976257934336,0.57159762150915,0.3560022757010387,0.4183356823018877,0.3865925451995915,0.3009956240591577
26575482,매화반점 본점,건대,중식,3.1,184,0.22275734005389877,0.4971534066135248,0.3283264342702522,0.4340060385917578,0.28781095804284185,0.25389696908972254
1073241380,송쉐프 구의점,건대,중식,4.1,53,0.31825932271554663,0.6147209182257293,0.3632265632990773,0.454020186244673,0.37449467939475345,0.2806218343109596
14663453,대흥양다리바베큐 건대점,건대,중식,3.9,819,0.22044886215440787,0.580604490397349,0.3327279322715584,0.38147784686327285,0.3387813293587044,0.291611602722125
1467670437,송화산시도삭면 본점,건대,중식,4.1,576,0.24742962335941782,0.5730298428780017,0.3374913009429344,0.4203031142073095,0.2974366378993367,0.2908667300487105
19667607,화양양꼬치,건대,중식,4.1,534,0.36728154215867587,0.6267493198836551,0.359543992564319,0.4880326990099059,0.3822196828403571,0.3335606659008944
13578218,건대홍매양꼬치,건대,중식,4.5,226,0.25381494874329646,0.5423656482672727,0.4229102791967901,0.2968591390486869,0.2988327239463698,0.23991801809389476
1510841423,희가덕,건대,중식,3.9,2,0.22371549088798948,0.5472543300171673,0.4006406580960071,0.3557567354760489,0.32520689937944297,0.2734106992514978
27320023,금하,건대,중식,3.0,58,0.5944386674082907,0.7598858232153455,0.4307832497604624,0.49748688070209945,0.506093102092655,0.42624001942898204
564820030,뽕사부 건대점,건대,중식,3.7,1780,0.6681047109606143,0.746772046035606,0.41748256428303143,0.43789498874894023,0.43293160553668486,0.4085830399506501
1937698930,무한양꼬치,건대,중식,3.4,65,0.2502504801349835,0.5625496736576941,0.34814450032627475,0.3486774176336643,0.4100363721051176,0.3127745780643066
21328608,세종원 군자본점,건대,중식,4.5,83,0.2874105511331808,0.5945707370359682,0.3922342033162617,0.4435505551569767,0.2860852365579314,0.28696459338362584
14746550,동북풍미,건대,중식,4.7,530,0.3424061466688026,0.6312419714494494,0.5246850140998646,0.4560281870727237,0.376882614355467,0.4141777683852825
1624333045,래빗홀버거,건대,양식,4.4,100,0.2829839943341787,0.5208901564904485,0.4243346217671263,0.4210667500567455,0.366015890939824,0.42057082074138524
1359276887,마초쉐프 건대점,건대,양식,4.0,1377,0.618662065546692,0.7790345263656347,0.3944493103002049,0.4969767934517198,0.373213287570571,0.2991814199642471
21929635,로니로티 건대점,건대,양식,3.9,757,0.36740042453035937,0.5020316827513781,0.48447427131954357,0.4775874473977884,0.4180288300468862,0.25883193059384046
192485759,탄토탄토,건대,양식,4.9,632,0.6660426615032695,0.7250621303726424,0.5255615487804218,0.4339788551869728,0.5243930629561525,0.5081389895241345
1280863801,엘루이피자 건대점,건대,양식,4.0,106,0.7102507664921921,0.7116906048683,0.5626658573058718,0.40583835934024237,0.3398186659784932,0.34255115431688826
1159203702,비에이치테이블,건대,양식,4.5,131,0.2583241707818767,0.4669092588457432,0.4162479310763325,0.3433586228732759,0.2565258760013654,0.24056262805339085
1093085311,수퍼슬라이더스,건대,양식,4.7,223,0.35674819535100044,0.4864437752461486,0.40801689137419705,0.3724833422313,0.4138233297843767,0.3285880221999308
26844606,모모스테이크 건대점,건대,양식,4.4,24,0.5288695454498795,0.5652719856958865,0.4237562792077832,0.3532581981094796,0.4200984717571719,0.26028874250891954
1854024237,피자빌리지 건대직영점,건대,양식,4.7,282,0.6972752999244104,0.7712208774842706,0.4684518815246627,0.5726116383732102,0.4610024459111141,0.5917048996777549
1714194607,타코벨 건대스타시티점,건대,양식,3.6,73,0.2908668880053825,0.6255967573004679,0.38764335609385137,0.31465990199788774,0.4123212954303601,0.28426708387286115
1395441458,트라타 건국대점,건대,양식,4.1,77,0.6696502887610183,0.6942189802618808,0.4402728243023845,0.4105802465827644,0.48562118644360536,0.3613751472167316
1137599191,호파스타 건대본점,건대,양식,3.8,54,0.6089222285511029,0.7399539040445583,0.34368055314752044,0.40868200474215344,0.34896466800322384,0.3279946561601983
15397973,메이빌 본점,건대,양식,4.2,152,0.4661052215238832,0.7032220342521873,0.4349923855570492,0.4029971865465003,0.33318185003791484,0.304510597653506
12353328,르빠니에블루 건대점,건대,양식,4.8,48,0.558050695195535,0.7295404588611988,0.39036399937577754,0.34380628362909166,0.3718797352857242,0.22696134552068714
1636342582,플록,건대,양식,4.5,138,0.541131140276343,0.7227965054404146,0.45438306262967226,0.42801839723867624,0.41956471973951825,0.30268745184037316
515064996,누이테이블,건대,양식,4.3,74,0.6691329743294236,0.8010326622218161,0.46692759014406043,0.48512001976426794,0.36819697105503313,0.317754778687026
146917287,케밥인 건대역점,건대,양식,4.3,3,0.23100953601038096,0.5251291421414704,0.43729036102292784,0.34081275237704395,0.2907443531775348,0.24485211447867325
445617173,버거리 건대점,건대,양식,4.4,120,0.41889421132328286,0.5851109047397062,0.43142728156314525,0.3936412745635065,0.35206914626013674,0.3631434246860663
1224241965,얼라이브 도우,건대,양식,4.9,17,0.6518987359585189,0.7597563740831403,0.3580961306413061,0.33575324110820226,0.3669032165477868,0.2763556631956058
1743678316,밀플랜비 서울건국대점,건대,양식,4.4,12,0.23752091533344444,0.5047855520084787,0.40798305627258113,0.3226086864999015,0.2593120562569647,0.3457497986504062
7834623,도미노피자 자양점,건대,양식,2.0,5,0.26519384562290915,0.36512022005166017,0.3623805770103718,0.3199623553255886,0.3041213290025011,0.2554252158944658
16794755,파파존스 건대점,건대,양식,3.9,6,0.27209293887755504,0.5496475496933301,0.3584582433024249,0.24801245614493433,0.42786097584762117,0.25851930365412323
329888781,라 파밀리아,건대,양식,4.2,29,0.6370480067241447,0.758409260862149,0.44189072397803997,0.2888727973514885,0.5959715175106601,0.4181943193451803
815422758,카페드라이,건대,카페 디저트,4.3,199,0.7152281815143663,0.7259206005912242,0.45760158749958957,0.3401902517206244,0.5070166011566808,0.5087721664163052
2041291831,카페 고은별,건대,카페 디저트,4.8,35,0.25038735246324817,0.5427757425920938,0.4874046730261155,0.45382835284874834,0.3625500287607395,0.3345836358196844
1371691028,로이베이커리카페,건대,카페 디저트,4.6,76,0.4317833822783556,0.726820231078829,0.40542590235308007,0.30789811996273353,0.32774567972748436,0.33229712853432775
109883906,베이글카페 화양점,건대,카페 디저트,4.6,5,0.4913749483682719,0.7312139688452206,0.4228199594663068,0.43548184030985243,0.3900650457368496,0.3318474113937269
1183453835,디저트39 건대점,건대,카페 디저트,3.8,26,0.3004893964148782,0.5302999302422589,0.4482392695225243,0.4379044961725694,0.32743947886576225,0.31584093517672723
312522567,카페더유리,건대,카페 디저트,5.0,30,0.6997357464571977,0.7468658527252976,0.3860556119049673,0.37061411221168494,0.3378544666593597,0.33396197687211093
559083996,카페&와인바 정원들,건대,카페 디저트,4.8,267,0.7296348938998448,0.7265189033137199,0.38779984581661314,0.2639757954342421,0.36563247295097484,0.3116782809742687
1792935944,성수율 카페,건대,카페 디저트,5.0,69,0.7069696633275151,0.7569937769578952,0.2915476132002648,0.31773017176605833,0.4240365433844521,0.2912450866225178
250282602,디저트다운,건대,카페 디저트,3.3,7,0.2693743476542991,0.43683380922281906,0.2420583919797097,0.2589060517873668,0.2978324024962277,0.24961202235703017
1281616654,카페051 자양점,건대,카페 디저트,4.3,3,0.6305259319409461,0.7785179019970201,0.27157054389065544,0.19791457146747896,0.433169628838307,0.3488606178796711
912566590,카페 안데르센,건대,카페 디저트,4.7,14,0.5734711540870463,0.7433269402582997,0.43074398344729653,0.39182081247258255,0.392846477921876,0.37297014808409834
1688624513,타오디저트,건대,카페 디저트,0.0,0,0.2758205210128451,0.3297726162257756,0.2550433214312105,0.2937548621763995,0.3046669729518195,0.2504430612762349
1745892454,히포디저트,건대,카페 디저트,0.0,96,0.7283417162051747,0.7900437591729028,0.2149401633967284,0.31335773025267266,0.336273192947352,0.2765886091641338
1404516671,카페그린24 자양점,건대,카페 디저트,0.0,2,0.26220576570069015,0.35751983739833765,0.2538868323609556,0.2782646186607449,0.3564357265246615,0.23952807937809295
546467904,느긋 베이커리카페,건대,카페 디저트,3.5,124,0.6381024003218296,0.740712475678759,0.36481170237774346,0.3826441353816511,0.36229293118084654,0.33039627202398164
901787793,봉봉디저트카페,건대,카페 디저트,0.0,22,0.6922158725414939,0.7202739523736075,0.24925230721639186,0.3455199269734771,0.35506954776705923,0.23339808009947996
1131229119,카페만월경 성동송정점,건대,카페 디저트,2.6,5,0.2758205210128451,0.367167708321113,0.25897675129538433,0.2937548621763995,0.3046669729518195,0.2504430612762349
1894809228,우아한과일&카페 건대점,건대,카페 디저트,0.0,4,0.26220576570069015,0.35751983739833765,0.2538868323609556,0.2782646186607449,0.367722780867471,0.23952807937809295
518064341,카페위켄드,건대,카페 디저트,0.0,8,0.7189031058701814,0.7705627906038817,0.23762192007922917,0.28165176672905307,0.3789954445468399,0.2665397367593669
26409926,카페드림 세종대학교동천관점,건대,카페 디저트,4.0,0,0.29891011150568336,0.3346651168745449,0.28602963873597914,0.29163973365992124,0.3259764205513081,0.24538574180410724
1295730014,라크렘디저트랩,건대,카페 디저트,0.0,0,0.26220576570069015,0.35751983739833765,0.25137296224041744,0.2782646186607449,0.3564357265246615,0.23952807937809295
1238845838,디저트39 강변역점,건대,카페 디저트,4.4,84,0.732361202227467,0.7608755859991113,0.3660502304660711,0.3642389918509948,0.4019574927497408,0.34183885151163723
1375695497,카페씨떼,건대,카페 디저트,3.1,238,0.696960694071219,0.726756034156463,0.3611535939053251,0.4442009420518752,0.3639868316289987,0.34193875845829763
25049102,해주냉면,잠실,한식,3.5,216,0.27049496556190067,0.5157702119867843,0.34802908789038695,0.2899471247871986,0.37456959985672145,0.27159606373512213
16082320,늘푸른목장 잠실본점,잠실,한식,3.6,425,0.3037909983426589,0.45378598959678146,0.4262090457878982,0.41612821531903954,0.3310379142332578,0.27038317943127077
14878561,남경막국수 가족1,잠실,한식,3.7,287,0.22278280347944263,0.5302419417763756,0.40208277286223265,0.39169367589857534,0.32827623421100066,0.3869508969573051
12347827,담은갈비 송파잠실점,잠실,한식,4.3,374,0.7076860512397167,0.7921567212638628,0.5460025572397296,0.5088182492994664,0.602575321553344,0.5714497148084364
27303080,부일갈매기,잠실,한식,3.7,246,0.20380925400327451,0.5165601745012119,0.38695836624632185,0.35285110345360476,0.35731997654038816,0.34996164851357825
2117466906,큰손닭한마리 잠실새내본점,잠실,한식,4.0,147,0.29609936811828524,0.5004243846736869,0.3615797247656891,0.34216796132655947,0.2792054216622289,0.3297900465456137
72177172,미강식당,잠실,한식,4.5,496,0.2611846528321976,0.5161167881754667,0.37288938636675983,0.468539453866567,0.47276673400824243,0.368092171208811
12394987,대성정육식당,잠실,한식,4.5,374,0.3941838365642044,0.5492462785610824,0.3902557823558538,0.387192703866217,0.37919661004705557,0.3672689916979167
13582223,토마루해물칼국수,잠실,한식,4.0,362,0.2578221064820153,0.5422415338321876,0.3507096498168159,0.40935497011623573,0.2588456907422674,0.33232579504282456
22513020,청국장과보리밥 잠실점,잠실,한식,4.6,395,0.34494850361790613,0.5760566943132709,0.4179593743992199,0.3906289892184966,0.5118354572618528,0.4478599918095294
272016174,화포식당 잠실점,잠실,한식,4.3,119,0.30469276581320415,0.4903403567847847,0.351848180123904,0.38085670164017116,0.2928655810476315,0.3112641305188177
2020430696,연탄부락 잠실새내점,잠실,한식,4.2,342,0.2415737446278383,0.5006783519773036,0.40350930021607245,0.37208219561367567,0.32649486050603643,0.3347635063094339
1346139956,진원소우 잠실새내점,잠실,한식,3.9,253,0.35977748679483296,0.40165793797956917,0.3412555507957776,0.355430989037687,0.43950261667058227,0.27412504998683546
632501910,논두렁 우렁쌈밥전문점 본점,잠실,한식,4.1,129,0.23667961533362256,0.5445660687136102,0.38398773588546514,0.46237010169057186,0.2493842819117805,0.31523422918412547
11170449,장수식당,잠실,한식,3.6,199,0.2951493332436674,0.5684175728994615,0.28016006370159363,0.46397631833141845,0.3362244021949436,0.3724001368682468
1755004918,신천생태,잠실,한식,3.8,9,0.3257603237471985,0.5131331472560323,0.42506063200660915,0.4222784337681373,0.33447215714808504,0.30051897928859866
939202585,생생아구,잠실,한식,3.9,47,0.25574340761686004,0.4700622636097269,0.36314127885711434,0.44027730556806005,0.2851688968858876,0.35817945369757676
1500248496,돈푸짐감자탕,잠실,한식,4.1,128,0.2873992295060767,0.5042369467570023,0.3710722218983749,0.3541717930718739,0.43249882545763496,0.3516924089973162
2051262927,정담옥,잠실,한식,4.0,1633,0.313624200593801,0.4960857807594173,0.3641693260147307,0.30875193634440834,0.37699789049237914,0.3107796718350797
617218371,초대창 잠실새내점,잠실,한식,4.5,1301,0.3493240042146191,0.5480852315664165,0.40249118974708237,0.3351561595446877,0.2964692257487649,0.372567320983226
648596761,팔팔감자탕,잠실,한식,4.5,60,0.27161256277745865,0.4874922980185446,0.3820973971867932,0.43479929873902495,0.3624338478090884,0.2808529043789699
27342866,갑돼지 신천본점,잠실,한식,4.6,12,0.30098242380422807,0.4993000441799034,0.35189112030188496,0.4753266784527911,0.35217787561546987,0.31157136760213466
569946456,왕게수산 잠실직영점,잠실,한식,3.7,18,0.4014555697099197,0.4852998189744036,0.3755241821053147,0.3195500566899371,0.4152020086601658,0.40577485853233675
24787517,벼락가우리 신천점,잠실,일식,4.4,69,0.2469824402151338,0.49812660938154285,0.4275588691383419,0.4051797875677076,0.4208898824212049,0.34448365765845895
437494532,상무초밥 잠실점,잠실,일식,4.2,1118,0.4304927059141536,0.5390231199683007,0.4135822686405943,0.3677436994754672,0.4402753772704525,0.42110280788445786
777232005,이치고,잠실,일식,4.2,323,0.7833928994176802,0.7778057143121748,0.4031671554149197,0.5148351837619405,0.4538082483902427,0.5552917270645883
19901368,호시아이,잠실,일식,4.0,31,0.6799993982755449,0.784655317662009,0.3371678950849175,0.363961619980006,0.3650157792832625,0.33065956247846084
22895272,김자순수제돈까스,잠실,일식,4.6,39,0.36203776426802387,0.5455165560902222,0.37755580939645905,0.40305189739280867,0.2957372920819196,0.3734255488876972
1185756352,미카도스시 잠실새내점,잠실,일식,3.8,202,0.6424170174621259,0.8046296345651316,0.46287029045541256,0.4053556419365215,0.461649360493022,0.37444690090990973
207152855,고쿠텐 잠실새내점,잠실,일식,3.8,523,0.3510033332090131,0.4773088839642156,0.474750097368423,0.5319978908809977,0.3252007398001594,0.35303051716454076
24876140,스시애 잠실점,잠실,일식,3.6,74,0.44239988394948604,0.5109656795437917,0.48932478587755235,0.3291787851783309,0.3930564254482153,0.3543916556496957
127635058,백소정 잠실새내점,잠실,일식,3.9,204,0.3317241573215376,0.4851959275936468,0.4055308857351264,0.44320231068799765,0.3991034381026306,0.4673441108106979
1079129782,오하이요 잠실새내점,잠실,일식,4.5,367,0.6878003527673827,0.7654351653132552,0.41986512089888395,0.46699524673760096,0.408595389939819,0.45768636313098215
1973363690,효탄신참치 2호점,잠실,일식,3.9,120,0.6216374167972214,0.7806088959253041,0.30027613991161844,0.34081788600337637,0.42235640163566296,0.48406369386525266
19636716,돈까스집 잠실점,잠실,일식,3.8,17,0.2620207182806828,0.46678402036360106,0.3174317771920708,0.3234922528688482,0.383819109712135,0.29943991168397127
83610723,끌 잠실새내역점,잠실,일식,0.0,629,0.7371642833649761,0.7335405388518865,0.24631472936431703,0.36146345681797915,0.32111545605109176,0.30520832113744845
26092963,마카나이 신천점,잠실,일식,2.8,34,0.2424164568488763,0.5422705442271635,0.322242283324691,0.3096192279581023,0.3059024440059123,0.30305935161763636
803844455,진작 잠실점,잠실,일식,4.4,63,0.44799209509453375,0.5405623094950321,0.39508465147393357,0.36740217387669816,0.3495326943684183,0.3104297634829734
1595983289,나레초밥 잠실새내점,잠실,일식,2.5,16,0.2958693895134423,0.4443074390781207,0.39307896603216463,0.48496094024525943,0.288203654855431,0.35498145527906416
18825490,사보텐 신천점,잠실,일식,3.4,31,0.22446021343877545,0.4771079352420478,0.3910950339886132,0.34806221699973217,0.3359393278513844,0.34490170802428655
1829516623,수아영,잠실,일식,5.0,158,0.4144461695936484,0.49962830476960257,0.40993103681832965,0.41200049494178065,0.3952538924088343,0.41656162139817055
903958339,도마카세 서울잠실점,잠실,일식,5.0,207,0.7287325748055263,0.7185087637711995,0.3934378238153342,0.45760381477556317,0.4281286660602864,0.45081422810309923
330796545,마스타 하이볼 잠실새내점,잠실,일식,3.3,566,0.6294423112821664,0.7733335436285543,0.34965317156142595,0.46538122857455627,0.36709091743270983,0.35608424991397297
27609075,야나기스시 잠실점,잠실,일식,4.6,24,0.3204307518670591,0.5306247286520109,0.3979918880995821,0.3900231600660124,0.37518498128267114,0.3589727622322616
1633434972,"깃뽀 (잠실새내점,종합운동장점)",잠실,일식,0.0,654,0.6999905881047473,0.7723854832254047,0.27780373412955717,0.36679335240979977,0.33999806227161344,0.34811500375954546
1215528865,스시화,잠실,일식,3.7,0,0.38446236914132265,0.3724679708323217,0.3355604384556814,0.33479445906099353,0.2868317659510387,0.35891225659308923
1181524598,도삭면공방,잠실,중식,4.1,300,0.21627131875780556,0.5352274054053155,0.391813175006384,0.42065175143879835,0.2875459942673913,0.27879259053415195
20000047,태민양꼬치,잠실,중식,4.4,178,0.24207912505484674,0.5463775394098824,0.3847099403763358,0.39516799290753224,0.27638373429531127,0.3079685543201442
21211219,하얼빈양꼬치 잠실본점,잠실,중식,4.4,44,0.2301719287405169,0.5328087128074529,0.4451800585505292,0.37297659407489464,0.298877817429635,0.3235653022737067
22045782,신천마라샹궈,잠실,중식,4.6,43,0.32547284595226095,0.559420520331663,0.3589640262097201,0.3846633152876612,0.2808424664900818,0.3871925202844405
746540152,미친양꼬치 잠실점,잠실,중식,4.8,114,0.6721682616220302,0.7747767382320873,0.4731807421766836,0.32581240495668307,0.43355655458107284,0.4544675970524124
151815749,홍콩완탕면,잠실,중식,4.8,389,0.301339019453175,0.49137997701204345,0.37882009494977337,0.41214045808558053,0.33414037323310847,0.39332790657062333
17515271,동북양꼬치,잠실,중식,4.0,29,0.2761376319422234,0.556923633100208,0.35542629083681665,0.39368058971451153,0.28985701406576114,0.27878641030233176
1532596067,케이웍 잠실본점,잠실,중식,4.2,182,0.20926870571500567,0.5322642400444961,0.4042395387895438,0.446282116890322,0.32083288900571194,0.3994024544890388
894027816,샤오롱바오 잠실새내점,잠실,중식,4.3,608,0.2853049367791809,0.5032902248942418,0.4176181124365385,0.41507687277405564,0.2856536915784734,0.2612351302704014
11831479,신천양꼬치,잠실,중식,4.2,27,0.33451210815998583,0.5251810435546097,0.33782927260004414,0.3644105518356966,0.33734191836105865,0.3227940270164352
10445041,빈궁,잠실,중식,4.1,18,0.35334059350606895,0.5191127931775574,0.33054585099949424,0.2605126455305186,0.408919474162152,0.3365171339355139
9189132,심포니오브차이나,잠실,중식,3.9,116,0.24985257235236996,0.5098552270551298,0.39738351074444567,0.4022648771174794,0.4759693146667699,0.34060093606037395
27204427,미성양꼬치 신천점,잠실,중식,3.3,388,0.2147097291406298,0.49627744851159444,0.3492772912430206,0.48395362957293475,0.3279182108398507,0.311779962308844
11678657,도림 더 칸톤 테이블,잠실,중식,3.6,156,0.7319860726152918,0.7162436239830788,0.4579423432417503,0.3783196169149487,0.4986208953731519,0.46805573343311435
732638033,만다복 롯데백화점잠실점,잠실,중식,3.2,110,0.21560416362424417,0.4932236350111228,0.39324731224543596,0.4306101832340411,0.274564115982424,0.39819374617797815
1624154892,대홍소양꼬치 잠실새내점,잠실,중식,4.5,57,0.29836157572137706,0.5077644871679192,0.3727874330006352,0.4242182167925878,0.3103888395187072,0.30325577059962255
8143061,도삭마라탕,잠실,중식,4.0,25,0.32270226393495477,0.5334818706344134,0.3599083050094189,0.39047969806457383,0.3200439398452389,0.29642824850274285
2036408963,춘리마라탕 잠실새내점,잠실,중식,3.6,40,0.28109087835268565,0.4561753347266963,0.3859723308910463,0.3540173114691784,0.38290848905778907,0.3000862442240446
1179913558,취향마라 잠실점,잠실,중식,4.6,6,0.2740126001667671,0.5215827384160487,0.40067951986824973,0.304694812480018,0.3315925543388201,0.28482701407219313
1356937291,하얼빈양꼬치,잠실,중식,4.1,118,0.6516862885679227,0.7080295125923086,0.33934922273815693,0.4750271030491205,0.35717091758229,0.4111343893604717
27109494,명가교동짬뽕 신천점,잠실,중식,2.0,73,0.20394960628640044,0.52518004689086,0.30695480476363074,0.34209149593516164,0.28937089050746007,0.3030370430274877
503589100,라화쿵부 롯데마트잠실점,잠실,중식,2.3,123,0.19118956143506755,0.49584316369976056,0.3093516804469568,0.4200828787559346,0.33844198912053475,0.2675575469400852
142063848,짬뽕지존 잠실새내점,잠실,중식,2.2,206,0.31547350546983915,0.517176759463627,0.23373503693183015,0.3432200100497766,0.3571456772240987,0.2902695455702641
24693042,요리하는남자,잠실,양식,0.0,2121,0.7116731868306762,0.7900437591729028,0.21764912187129362,0.3066842906792028,0.3105789810156268,0.2991532338895239
26854841,바토스 잠실점,잠실,양식,3.4,87,0.6715483033742734,0.7579742956198596,0.4067052815878662,0.45862846028702414,0.2984667401661702,0.23370026199352378
1646627925,폴스,잠실,양식,5.0,47,0.6559574073565997,0.749867539902417,0.44204007921677774,0.5542687835212593,0.37107555427666283,0.25472792713043413
8000883,알루메 (AL Lume),잠실,양식,4.4,13,0.6723208942140624,0.7516728612713851,0.5313015050712628,0.3853980799880092,0.47611749455327496,0.3945926425393221
240439843,투파인드피터 잠실점,잠실,양식,4.4,1365,0.717715213253175,0.7963540633695471,0.4397259175024049,0.37664259185763554,0.5554566895487253,0.57314391737685
119414440,아이마미따,잠실,양식,4.1,16,0.65572210970857,0.7597563740831403,0.3491129037935893,0.3519054677393404,0.3650760726443785,0.314938652017672
1979946120,교양식사 잠실점,잠실,양식,2.7,41,0.5992884180108841,0.7185390787358019,0.3269301326771145,0.451261419980271,0.34493936860169955,0.32221126716654186
664185361,버거그랩앤치킨,잠실,양식,4.1,10,0.3144950650008511,0.5204932278273808,0.37436487679806896,0.46601601024019584,0.2362795520269426,0.32335693096735735
49408452,버터핑거팬케익스 롯데백화점 잠실점,잠실,양식,3.4,37,0.5696482099415169,0.7253320586816089,0.46239106743025726,0.5025075992073077,0.2750033742205731,0.3632958587958163
884833457,까사피에스타 송파점,잠실,양식,4.1,554,0.7063325505582257,0.7941043694181782,0.41903769710857597,0.4460043372429964,0.3484133352013535,0.381710085883661
1845251816,잭슨피자 잠실본점,잠실,양식,4.0,242,0.2327245563590536,0.5522891268154178,0.418831579688544,0.3774301447446695,0.29493345564235635,0.2854529326806548
1715602137,긴밀,잠실,양식,4.8,179,0.6953876842176842,0.7229601891536462,0.4991430219535565,0.4559934721957872,0.489815856199349,0.39662865546951104
1579694910,래빗캐슬 잠실새내점,잠실,양식,0.0,725,0.7371642833649761,0.7335405388518865,0.2554866012926002,0.34218087062130936,0.31110927675389083,0.24648195126461983
650197751,미즈컨테이너 잠실점,잠실,양식,3.0,50,0.2326212137352885,0.45383669487500644,0.3492213878884962,0.4242665409021227,0.2646807305354367,0.29209949377667566
1153193388,멜팅소울 롯데백화점잠실점,잠실,양식,3.2,301,0.35785966785830803,0.5011673661042834,0.34654149663501377,0.37730434474130087,0.3226514277594016,0.28185772320153946
854991107,도스타코스 잠실점,잠실,양식,3.7,34,0.644472959935831,0.7705362396068098,0.32858325994450643,0.4644950510595384,0.3438059454157112,0.3903298532540594
1729480279,파파밸리피자 잠실롯데마트점,잠실,양식,5.0,192,0.3822350639259259,0.5542000444705836,0.3700335298210529,0.36822791336435656,0.3405112269078221,0.33408330411176385
783846314,비엘라,잠실,양식,3.4,132,0.7002439606973192,0.7544884164667376,0.3948758633203354,0.4931453609914666,0.3935777413547539,0.36191614766423247
1119487795,노모어피자 종합운동장역점,잠실,양식,4.0,37,0.2888230735270713,0.5472647233756567,0.2981410625032205,0.282711669793263,0.40452532755091913,0.2656703558564723
188889459,어론피자,잠실,양식,4.3,57,0.6418047306607937,0.7782658326247694,0.45637112495291005,0.5024208242078286,0.30251189038547516,0.3312283414213324
356255397,프랭크버거 잠실새마을시장점,잠실,양식,3.4,14,0.3132970041738263,0.49607494925650203,0.37070137747608545,0.39098217372396615,0.35155480262765443,0.3068570279580059
708998718,보통의숲,잠실,양식,3.6,127,0.7385701587277628,0.7941043694181782,0.40094251392376185,0.5425709768118407,0.3792069911969567,0.3784994416393573
944487436,케이준서울,잠실,양식,3.6,98,0.7106423309523069,0.7586015520032477,0.44119598634854407,0.4099383636966006,0.3919552149678111,0.39660214468856164
1551360827,츄빙빙수 디저트카페 잠실새내점,잠실,카페 디저트,0.0,0,0.35846069494283267,0.3451376390642708,0.2747262119291354,0.287326445495571,0.3249541966603444,0.2518312387812308
1524771785,카페타타,잠실,카페 디저트,4.8,13,0.7828106105230253,0.76151719037694,0.3760232424826831,0.5017852263797682,0.4311200291759639,0.41520372064696875
1068761747,마이멜로디 하모니카페,잠실,카페 디저트,5.0,125,0.7492693622553236,0.659104783030983,0.32304855368482016,0.26978459619440986,0.399082505500073,0.3807262580546432
505219793,디저트39 잠실새내점,잠실,카페 디저트,3.1,13,0.635569451154694,0.7847691996250953,0.2813283217254778,0.3770380571314851,0.38461923976080875,0.30495200921204707
1828240178,카페봄봄 잠실성당직영점,잠실,카페 디저트,3.0,5,0.6094678877527981,0.7756510628646772,0.2634240245577027,0.28609465813290214,0.3091603569833791,0.3537444045268784
1804061845,짱구 베이커리 카페 롯데백화점잠실점,잠실,카페 디저트,3.0,218,0.6832294620133034,0.7415888962564308,0.2573148502304905,0.3142875993778266,0.3439047041164072,0.3108816940469089
48005647,카페155,잠실,카페 디저트,3.7,2,0.6841612286025077,0.8155931258576805,0.31144740615268424,0.2881941877277708,0.5311454024865799,0.30881579439217005
1356720358,카페헤리터 롯데백화점잠실점,잠실,카페 디저트,4.9,93,0.7457123391126333,0.736166925093298,0.31105901266533137,0.49075741182098287,0.5106464653521142,0.3597431336249886
819724612,카페워크룸,잠실,카페 디저트,3.0,2,0.3684429381861037,0.5613838725991945,0.25431346402092686,0.4064850444251273,0.39476295613922036,0.2718371963262568
1223377096,더카페 롯데마트잠실점,잠실,카페 디저트,1.0,0,0.35846069494283267,0.3451376390642708,0.2747262119291354,0.287326445495571,0.3249541966603444,0.2518312387812308
1183753988,카페만월경 잠실레이크팰리스점,잠실,카페 디저트,4.3,2,0.628906104390442,0.8013165168920611,0.29858654589364253,0.20611360387312505,0.573554094630393,0.45732916469203055
1089651822,카페만월경 삼전역점,잠실,카페 디저트,0.0,0,0.3520449797196459,0.37985671789811815,0.2576897625721075,0.2939263261517487,0.3439194380506512,0.2258103348338008
733631255,제이에스디저트,잠실,카페 디저트,5.0,12,0.7264519580872778,0.7698543336384478,0.24695354595041696,0.33352312323989225,0.35703109642027975,0.28903449865836434
529268204,솔디저트,잠실,카페 디저트,0.0,0,0.35846069494283267,0.3451376390642708,0.2747262119291354,0.287326445495571,0.3249541966603444,0.2518312387812308
882921077,카페2.7,잠실,카페 디저트,4.6,663,0.6959322517774101,0.7515291852339736,0.5797397138897716,0.3800853636803797,0.32249726605888956,0.34156808826017643
1471914362,카페만월경 잠실점,잠실,카페 디저트,4.5,2,0.7232505736960593,0.7594949359955618,0.2672658276628853,0.3294889404966412,0.48076363100503455,0.30357853155042863
471061232,카페아일랜드 베이커리 잠실2호점,잠실,카페 디저트,0.0,5,0.3520449797196459,0.37985671789811815,0.260244843937722,0.2939263261517487,0.3550287945129415,0.2258103348338008
1257470875,카페시나몬,잠실,카페 디저트,0.0,637,0.6832294620133034,0.7415888962564308,0.2694929246777715,0.31161553345981824,0.35156931603740194,0.31955402869171856
607577498,카페모던비,잠실,카페 디저트,4.7,8,0.8434188986854074,0.769882620435875,0.3311669487349943,0.40932319273198803,0.5781473336271713,0.36030778607294045
945880291,카페다반,잠실,카페 디저트,4.5,134,0.6722622564714005,0.7394537539403879,0.5396051474759521,0.3591682150573678,0.461123193451828,0.4487087306050993
2045646287,카페618,잠실,카페 디저트,4.5,12,0.5512721276901407,0.752343809564471,0.32235526005203424,0.24474959204719401,0.5522120816285925,0.3198822909152606
1936055591,카페코너574,잠실,카페 디저트,0.0,44,0.6955815013264669,0.781802154775678,0.24494472885730925,0.31889089631355044,0.3445803342253141,0.2676194867923743
1718058455,카페쿠도,잠실,카페 디저트,0.0,105,0.7310985218817058,0.7468751089483926,0.20857407025003363,0.30656722667354946,0.34961369938311965,0.3181644651770855
1731532134,정자매카페,잠실,카페 디저트,5.0,102,0.7661828360704077,0.8077861717069151,0.2700402756432149,0.39797182625891997,0.33071453297743914,0.37381778433065
