restaurant_id,restaurant_name,area,category,rating,review_count,couple_meal_score,couple_drink_score,friend_meal_score,friend_drink_score,business_meal_score,business_drink_score
1428481536,강남진해장,강남,한식,3.3,546,0.6197251060105825,0.9221249854955695,0.07485355333562359,0.6871510945781298,0.05110983283335134,0.08665493810984849
7983060,신동궁감자탕뼈숯불구이 역삼직영점,강남,한식,3.4,1319,0.04220854514939769,0.7766618415106444,0.6655262657187622,0.20542389599360128,0.04700343152297586,0.031891531066031396
1424086789,스시마이우 강남CGV점,강남,일식,4.3,185,0.7809301818176074,0.8612062940800479,0.0520576071497844,0.24771832550593165,0.04919718575921417,0.1164662941411597
19381618,갓포아키 도산공원점,강남,일식,4.3,81,0.9522883819864318,0.9567541129259528,0.7244963893454492,0.6696576824958494,0.13482054426209564,0.11438202338692896
24041168,시추안하우스 삼성점,강남,중식,3.3,202,0.9478737869028769,1.0,0.14822551852880084,0.16856844329958431,0.7705664233289976,0.26655808963382693
10954377,가담,강남,중식,3.2,287,0.036792149633807114,0.8756331873435073,0.027920718139424264,0.04834991746108855,0.07230846992365661,0.046117933497333716
26572124,울프강스테이크하우스 청담점,강남,양식,3.7,1403,0.9697288141441294,0.9834355332914504,0.11938005938247871,0.09268083242481506,0.09405475440441663,0.11359472474818284
1124684582,어거스트힐 강남점,강남,양식,3.5,2235,0.975232298324766,0.974632612868963,0.7192303521797588,0.1403589707016402,0.7287181473695926,0.1554385184191907
1551955711,카페프라미스,강남,카페 디저트,4.2,171,0.9957577575684917,1.0,0.2598895245689661,0.08749498539275695,0.8063494779465792,0.8022552261726631
1419529121,더플레이트디저트,강남,카페 디저트,3.7,132,0.07305443485436458,0.6312680170453072,0.04767028858941283,0.0616180822280218,0.02390855439883843,0.11125685049302227
27229361,미식일가,건대,한식,4.1,114,0.9149981771586314,0.9489021785669189,0.18941543925715965,0.08663461069105248,0.14887264756265314,0.03972663759805952
17101239,고흥순대국머리고기,건대,한식,3.7,188,0.02038235874677711,0.2526071288321034,0.10578571334838588,0.15310962991697152,0.14524948981579688,0.013109692403424182
413860309,고씨네 건국대점,건대,일식,4.9,28,0.031452549663237434,0.2848499159811973,0.11278566382781116,0.05133084967375257,0.0683014282053101,0.05046210200157372
1873080066,포비,건대,일식,3.6,128,0.9223954885961141,0.9634119862081195,0.12737531885789363,0.14118731851187666,0.09793327056568962,0.060728946167189726
1026281815,하이디라오 건대점,건대,중식,4.2,941,0.03694832776815036,0.8069141702781348,0.04359706754724229,0.06936481773657159,0.5479436248806917,0.020825473343577698
610799971,송화산시도삭면 2호점,건대,중식,4.2,983,0.012968019638931865,0.832903671690715,0.020576070092098105,0.1312723141065871,0.0978513713068575,0.003681710213776722
747243423,드로잉레시피,건대,양식,3.6,454,0.8824689562157131,0.9852202485304764,0.6034639271949206,0.6706802258376411,0.03872629298101597,0.039576544646510683
641607564,페르바코,건대,양식,4.9,39,0.9195729580448082,0.9563246413902472,0.045123397254939954,0.28717110307496496,0.09348452031740598,0.012426765183685068
1047206173,보리스카페,건대,카페 디저트,4.5,45,0.0633448683221003,0.3258832576128824,0.10858482334599033,0.017020562842215745,0.02026236630196786,0.018877726156332052
693959559,해피니스디저트 건대점,건대,카페 디저트,0.0,250,0.9765486383956917,0.9716832079959636,0.0,0.004710365853658536,0.02234775808621173,0.009432743162039655
1999496197,쭈꾸미도사 잠실새내점,잠실,한식,3.9,1954,0.024897519347233575,0.8398094032418751,0.15912317329415232,0.08180599172522612,0.0424656338613183,0.022117836237989387
1747047105,후발대 잠실직영점,잠실,한식,4.7,283,0.015611485832398717,0.7859548546773337,0.06333113092382683,0.08489128024984995,0.004423631123919306,0.02617808654083142
1014186276,훈지,잠실,일식,4.9,136,0.8702882120417911,0.9299521221855512,0.013968859161453384,0.15359515739952423,0.01621381045447888,0.06983689016426975
2097670691,선남씨,잠실,일식,4.2,147,0.08602925351898393,0.17679625187645687,0.08708313652900451,0.1139336812956903,0.038488652410255494,0.04606195693285687
1770327564,무한리필 홍태관 잠실새내본점,잠실,중식,4.3,83,0.007258818910957959,0.095391233571575,0.03791912818594786,0.03311603647661495,0.0038974358974358967,0.004654178674351585
17969703,샹하이,잠실,중식,3.7,16,0.004757434748267519,0.16090718232380627,0.026965472809835352,0.06392942679616191,0.024095396514175412,0.004012987012987013
1135861647,미태리 잠실새내점,잠실,양식,4.5,46,0.09168571946361782,0.6564415019509551,0.139691764026753,0.06205830785742532,0.044986078907641,0.019960325055784336
21328141,도미노피자 잠실본점,잠실,양식,2.4,21,0.05910576782722641,0.755898385853901,0.029423606936987944,0.040240624139416925,0.018614079027810256,0.0047184170471841706
985464745,카페르뽀,잠실,카페 디저트,4.8,11,0.46234447122841266,0.7835515839036554,0.048061543001707355,0.11114322046771206,0.02894602514183474,0.01516950895705081
17163273,농민백암순대 본점,강남,한식,4.5,1570,0.10016966448615046,0.18591197109632634,0.07066034244955052,0.5518449940583416,0.09845740840627062,0.03588959914614943
27531028,중앙해장,강남,한식,4.1,1586,0.07217491218930232,0.15395901071353926,0.07533509138364261,0.35234386984332194,0.07876574670867269,0.027574858959758433
2073285111,신사모소리,강남,한식,4.3,250,0.9490700254627923,0.9533735499710744,0.28320200329434286,0.19311025743135535,0.34720688551296264,0.3078449121636502
13092552,뉴만두집,강남,한식,3.9,540,0.012508745440483825,0.18825727460854114,0.018326661417675645,0.05493689285372433,0.012634111270090197,0.0469372997191174
12418029,을밀대 강남점,강남,한식,3.6,376,0.02139555381976697,0.2521450651788724,0.02721176743321568,0.17540748546188742,0.051006939245954536,0.031735852283313985
14569639,이도곰탕 본점,강남,한식,4.1,363,0.788117848006928,0.8659670261609693,0.12440967546022966,0.6300864420204038,0.07436145758793876,0.08413494809704891
1511737742,돝고기506,강남,한식,3.5,323,0.8689603185892478,0.9680102793710755,0.2208034085082193,0.2987092058983766,0.8597636250473457,0.785487498837685
27261403,능라도 강남점,강남,한식,3.8,246,0.019707657011688754,0.7816617603072017,0.054749202946756295,0.15041099162550006,0.03065736326813611,0.022027294612602718
2142723351,해담채 강남점,강남,한식,4.1,158,0.883089172916465,0.947039961898061,0.1475043812332095,0.07692421721232887,0.8625421343075398,0.8062643684757507
26565017,진대감 선릉점,강남,한식,4.7,2058,0.05426881809025802,0.29256656650419016,0.14628218358313225,0.11937284605645676,0.6121180237335312,0.6042227117965281
8475048,한일관 압구정점,강남,한식,3.4,144,0.9042777344608447,0.9608503182259234,0.7721308012739498,0.6730316723090595,0.9614218250438139,0.46754572121226906
1503746075,창고43 강남점,강남,한식,3.5,263,0.9519775973176123,0.951037351379477,0.10455183804196284,0.05878771456493904,0.22339388152959339,0.19027503576507143
7891890,별양집,강남,한식,4.4,156,0.058770511418861214,0.6643581641698297,0.0841101101112314,0.0861908176345521,0.2697003474069563,0.27385707227974726
2032952073,일품진진수라 선릉점,강남,한식,4.6,669,0.9308729821402677,0.9569994656022132,0.8460913353919303,0.14238646315748588,0.9342074880544565,0.861799342354977
13102233,세종한우 학동역점,강남,한식,3.8,299,0.028928292800194048,0.2513448003625574,0.024261813481801543,0.022315649180212192,0.058850716135002264,0.0312905618478723
1614493196,참치공방 강남점,강남,일식,3.8,296,0.9733064404106622,0.9645404071480586,0.6712644607953377,0.5829152479726284,0.8879098757988794,0.8812418140875554
16875542,가나돈까스의집,강남,일식,2.9,363,0.0268088418065693,0.3465115361274127,0.08948976537229819,0.14916512546139712,0.020827890197091734,0.02007982700555073
1989327162,나이스샤워 역삼점,강남,일식,4.0,114,0.011358851105604353,0.6292129828265242,0.06414494654967932,0.09993162905509954,0.048790017340378335,0.0907393916635367
18324313,미미면가 본점,강남,일식,3.6,440,0.029417830814718424,0.7140779732502616,0.03373502303211761,0.1361341034337523,0.019008068484870952,0.15108024928817854
913979606,참치공방 선릉점,강남,일식,4.4,248,0.9619662211420072,0.9672795874605116,0.8668159839953149,0.16797807238750806,0.8579986397889823,0.8768266585126979
15270381,스시선수,강남,일식,4.5,77,0.10395948119713992,0.6129156015115452,0.10576897364280258,0.07679410143089731,0.3514031186343443,0.2533283996904141
13573425,기세끼 논현점,강남,일식,4.0,160,0.9885930609165164,0.9936560471229059,0.843639226909852,0.7063820862978873,0.9545687598928637,0.8611117903361025
27440495,136길 육미,강남,일식,3.8,384,0.02483781846128267,0.6709082670781774,0.0579785511697247,0.13558664849349886,0.2538612584263358,0.18306681894242405
27415522,와라야키 쿠이신보,강남,일식,3.7,88,0.02996404151499857,0.29403832726135687,0.01970016085144458,0.5976371316472958,0.03682607776566208,0.6201068355274065
1493770873,오레노이키루미치 압구정본점,강남,일식,4.3,181,0.045145882970423316,0.7994077790821953,0.08773702189418403,0.1612784801119012,0.06808940562913307,0.09786038048856723
10030025,후지,강남,일식,4.8,133,0.09387619670406204,0.3743411351959914,0.0366700582927402,0.09022187398788771,0.7193737546796257,0.7058026465586021
13119179,큰물참치 강남점,강남,일식,3.7,135,0.9761166156685351,0.9789363018009891,0.09964906600067903,0.12830175735025226,0.9055994851973747,0.8064130800977479
1950857675,오레노라멘 강남점,강남,일식,4.2,1299,0.023469813019421918,0.33313453625757233,0.07626068158666154,0.04544066023540791,0.030061107924510232,0.24170752047084437
10972091,홍명,강남,중식,3.6,644,0.031661143432287674,0.3357156079445452,0.05812146309975859,0.044687078435144266,0.1770088141682021,0.13628009538595787
24010315,골드피쉬딤섬퀴진,강남,중식,4.0,1501,0.0826264523783656,0.7030266287097566,0.12926720061992056,0.12607511320800469,0.13353540348486806,0.053584292443146976
7815078,대가방 본점,강남,중식,3.3,543,0.0457326474556372,0.7182455260092433,0.07491011901052609,0.5621542566264313,0.331534674204514,0.17809617728012359
1770731230,팀호완 삼성점,강남,중식,3.4,872,0.0551559101574977,0.8242075753072021,0.07334785873568599,0.11544310437918764,0.7136184098803574,0.23111106219526836
260283466,구구당,강남,중식,3.6,3356,0.944007051100644,0.989536777909969,0.15844834035918906,0.08693429409033669,0.3530358236279707,0.3653691011684529
12140312,몽중헌 청담점,강남,중식,3.7,302,0.9158170137368832,0.9617418459651756,0.2650645226229437,0.17149222107937948,0.4607511287831219,0.4625831737221425
25155819,파크루안 역삼점,강남,중식,3.7,297,0.8739230147108182,0.9737224099244979,0.18119389971173383,0.29689015743398023,0.6873444496539401,0.6809333359269332
791775664,천미미 신사점,강남,중식,4.1,219,0.1140963268141169,0.862582857031128,0.071875611081246,0.1540130314008025,0.06335868994748567,0.01625173203429937
10252806,대려도,강남,중식,3.8,110,0.945297381457277,0.9850575853373121,0.08444189616570444,0.053144968593249325,0.09747766930370987,0.12785475925089754
18283045,마담밍 선릉점,강남,중식,4.4,240,0.014199809370765577,0.8224572127336165,0.02485647377730192,0.07459295170615264,0.025701796345258307,0.01832236955521742
1262079557,송쉐프 본점,강남,중식,3.6,177,0.14654598541892067,0.82500835634218,0.7312095884914461,0.6102136539916695,0.7971966207457405,0.7095579198684997
980076754,인량 훠궈,강남,중식,4.3,680,0.2224720068708396,0.4006687568641729,0.36277402376265955,0.07017543919796845,0.7923601821061119,0.41474423511025793
25550206,아방궁,강남,중식,3.6,239,0.966419756596043,0.9905313325428499,0.2759461452807157,0.12328435121206922,0.9022792738484445,0.854104614342435
11026324,공리 강남구청역점,강남,중식,4.4,737,0.033570839795314826,0.8518064225227743,0.1288928585722805,0.05516765316029654,0.048335525932456005,0.017881610400852687
528537292,훠궈나라 강남점,강남,중식,3.6,475,0.05673442898139804,0.2618919104808501,0.6706403716800109,0.11183061150672835,0.14078297769683626,0.05458554372179579
23999472,불이아 역삼점,강남,중식,4.1,353,0.8323188489309795,0.9580396665282066,0.18373046425369513,0.1983783743062709,0.863632943240975,0.838626160277402
735898829,홍보각,강남,중식,4.4,453,0.03562772019245205,0.9447898156762601,0.13274896857507082,0.04189064963907544,0.28547037845610235,0.16186630446589198
909184198,몽중헌 대치점,강남,중식,3.8,168,0.9727582271603826,0.9798807511251161,0.6814998743747587,0.14583681167509968,0.8590491766536702,0.8659282262106238
25115599,한성양갈비양꼬치 강남점,강남,중식,3.5,116,0.007098699767977613,0.6488616199534405,0.009184602469905063,0.09725061944330082,0.014692898896861041,0.051867872821841216
66544493,일일향 압구정1호점,강남,중식,3.1,158,0.007683539461374439,0.3354569386294975,0.03693266674293859,0.15289271816211272,0.01749739799549145,0.023834081388546854
948434557,호신각,강남,중식,4.4,225,0.017295821090921995,0.7963559354497436,0.028465425839884862,0.044646888926504265,0.0693149369578904,0.02162644061257283
2001311524,중화백반 강남구청점,강남,중식,4.7,501,0.9465442497587191,0.9567311293284271,0.8913974394770845,0.25608723215220447,0.8088847766882197,0.8492757689857714
1655913908,서래향 수서점,강남,중식,4.5,652,0.9501794363653776,0.9688673381612297,0.8195166848142064,0.17942032320432186,0.9214822644770324,0.9159707212790461
2076338271,원스타올드패션드 햄버거,강남,양식,4.0,448,0.04702739670709332,0.7161322204546748,0.06931993305601897,0.02625080627571206,0.11370743116000984,0.04770085847666269
12026995,지아니스나폴리 역삼점,강남,양식,4.1,244,0.9618152494439814,0.9839120031185034,0.08175877608499102,0.0664591132045052,0.03811904728568841,0.022933828700179335
1565367501,쵸이닷,강남,양식,3.5,645,0.9632182236005743,0.9875822286082534,0.05066634123032226,0.036908537762426225,0.10502722371102108,0.04946724792543478
27129003,알라프리마,강남,양식,4.5,272,0.9842620142558838,0.9791283944178261,0.1703370946879246,0.06201481527268844,0.15366415708862868,0.1173136065864893
586363951,크라이치즈버거 삼성역점,강남,양식,4.4,420,0.06497275524816126,0.797463681956928,0.5482829232934716,0.048059198806923845,0.12752419983484362,0.10773158299899434
1469510606,빌즈 강남,강남,양식,3.1,452,0.9434850599545003,0.9761080825499939,0.1325964875137468,0.2873480922068145,0.13116171615482783,0.12614707282608567
27271692,비야게레로,강남,양식,4.2,598,0.05446345637724313,0.2519422174087913,0.04854899915068455,0.057088919152780034,0.0,0.007722060324951488
7857136,마노디셰프 강남점,강남,양식,4.2,675,0.8834119466656025,0.8970769978052148,0.6308465622880867,0.11899727589030311,0.5361851105657773,0.6900213102345464
18074322,파씨오네,강남,양식,4.6,238,0.9331163589014032,0.9687840779111092,0.12662575454082892,0.1187254650346037,0.3257665829932446,0.22053292573936648
368469701,조인바이트,강남,양식,4.3,758,0.9639483233221156,0.9699635920336368,0.8062089951445378,0.6414653261802188,0.3682537821234353,0.2391703307399019
237005010,로마옥 도곡,강남,양식,3.8,636,0.9838202371654758,0.9905216782830469,0.16160520097515094,0.19898261892996916,0.7063495120673317,0.2960450881633175
1250460135,마초 스테이크,강남,양식,4.6,453,0.05994771338869997,0.643668968408124,0.1260561344876265,0.11718329639063249,0.096731488249468,0.07647440621217157
1248615345,텍사스데브라질 압구정점,강남,양식,3.6,647,0.9249886017870288,0.9629714689296143,0.06885076186737857,0.11494145724104986,0.06932328215210082,0.041143508823100895
19808159,오리지널팬케이크하우스 가로수길점,강남,양식,3.8,277,0.9876471071615396,0.9932233361745882,0.06441841742798025,0.08363716885195684,0.036047938469910105,0.022791400380340512
312947795,무오키,강남,양식,4.4,190,0.9810862353615108,0.995,0.1517749939666436,0.048984544304745546,0.20199638401523903,0.14479922204251097
929201336,스터번,강남,양식,4.6,115,0.9727144942223657,0.9809416430299671,0.0907330323031334,0.17789586927743625,0.5573964072803729,0.05524581779959669
26856753,브루클린더버거조인트 가로수길점,강남,양식,3.9,301,0.9773155665209249,0.979947045019004,0.038123465545895706,0.10508968188131665,0.06240604959346388,0.08265502516988592
792244011,퀸즈블러바드,강남,양식,3.6,232,0.9819714242861166,0.995,0.06638753121273012,0.08368740624412728,0.0430586509932129,0.05822911765743242
1697940758,비어룸,강남,양식,3.8,295,0.9551735911856166,0.9750255840085663,0.11013322229289951,0.6755446172245482,0.7950631695645725,0.7586019920671577
21311108,마켓오 압구정점,강남,양식,3.8,128,0.1923435857357545,0.8162429395771802,0.7874827158708658,0.13664233735010758,0.8475022257915096,0.30050803054379704
1851273390,페어링룸,강남,양식,4.1,442,0.9183792625108351,0.9857073136393766,0.067767344830022,0.09421023663116092,0.15719538485092457,0.10609128846137107
1950123074,스케줄 청담,강남,양식,0.0,661,0.9736043836203905,0.9600429691506133,0.012348950134143366,0.0019504447268106735,0.05301125719519524,0.004492661661254382
1779217087,썬더버드 청담점,강남,양식,3.9,300,0.046297345141698504,0.2779191110924985,0.1544735366228711,0.05483971229163033,0.03271932857377451,0.08844654033761254
1983100839,런던 커파 수제 샌드위치 디저트 맛집,강남,카페 디저트,0.0,0,0.019959569226629895,0.010308830577627564,0.008254595739881599,0.0,0.07245974225113491,0.013306270487200868
1146753407,카페로니브런치 디저트,강남,카페 디저트,0.0,0,0.019959569226629895,0.010308830577627564,0.008254595739881599,0.0,0.07245974225113491,0.013306270487200868
27301629,디올카페,강남,카페 디저트,4.0,24,0.9870940983007924,0.9827099350501787,0.2323309745757319,0.0,0.1936516445266203,0.08110439037501146
1027809775,프리미엄디저트카페 더푸릇,강남,카페 디저트,5.0,7,0.9037065168335511,0.9570175887365215,0.12361108451793028,0.05634282126107026,0.08100814486210302,0.05826151172047144
22400767,10꼬르소꼬모서울카페,강남,카페 디저트,3.4,1,0.9596462910187252,0.9337508186866553,0.556577091237608,0.007449653634755214,0.10945013310471,0.1275221038526955
27347412,크라프트카페,강남,카페 디저트,4.0,129,0.9863360849456423,0.9946357261494676,0.17821810090804135,0.046395659276882106,0.8528065004025381,0.21597886985390594
150499518,에이비카페,강남,카페 디저트,3.5,414,0.9872918694337381,0.9810929618120359,0.12133206413688997,0.03240456210855643,0.20775083286798549,0.8230599081803645
1104225959,카페키츠네 서울,강남,카페 디저트,3.9,100,0.9813120545153621,0.9931961182429483,0.11421280529731874,0.003194748358862145,0.08612834588175292,0.08582512596000091
1174051341,카페시트롱,강남,카페 디저트,3.8,67,0.14058998262973482,0.2815759997590834,0.12826818253262606,0.09809993891710406,0.06588153756806417,0.050878791362786016
764363993,인포메이션카페,강남,카페 디저트,4.2,295,0.966625058822132,0.9628719615991663,0.20100292547475107,0.0528487680682583,0.1750375720241508,0.8484382072118118
450110126,카페공명 신사가로수길점,강남,카페 디저트,4.8,395,0.9719009060918438,0.9759056419273098,0.12069770891988287,0.031905079670730946,0.2509407017069077,0.9149315246489048
675372031,디저트카페 연,강남,카페 디저트,0.0,0,0.019959569226629895,0.010308830577627564,0.008254595739881599,0.0,0.07245974225113491,0.013306270487200868
182581980,카페 카이브,강남,카페 디저트,4.6,493,0.9618642178749741,0.9717510144487573,0.7614562287949448,0.11115025352783033,0.7517024125838758,0.752029591324145
1329992832,플로렛플라워카페,강남,카페 디저트,4.1,44,0.11580024459413515,0.8762597929478683,0.019359136509900652,0.030508960179085075,0.09960406820167905,0.04341304170048048
2132203239,카페풀림,강남,카페 디저트,4.5,254,0.9787693771298333,0.9829829368992814,0.7211484925464711,0.12835969396301658,0.22292869588259145,0.1757555356760983
100026790,카페로얄마카롱 신사역점,강남,카페 디저트,4.8,94,0.08124126794372419,0.22516152529396474,0.09200393158553473,0.03372628538369546,0.08143588599058582,0.7268395618915576
16501999,카페올,강남,카페 디저트,4.8,9,0.1430953067601924,0.8717383048373979,0.010578434638995365,0.024377540882864084,0.038603597855030175,0.08235642746137767
1581244530,카페 그라브 논현,강남,카페 디저트,2.3,189,0.9334166058007406,0.9128990822301856,0.06822042759135598,0.030512908035878753,0.792682019645567,0.0882797582983368
1107978574,카페드몽슈슈 선정릉점,강남,카페 디저트,3.7,12,0.8814508556780857,0.9387814715434308,0.053517012736951565,0.035093318250891625,0.8229723002695775,0.25841129372441857
230292537,카페블랑131,강남,카페 디저트,3.0,4,0.2046102124503745,0.1290323827841738,0.031562368623963874,0.07288035544783661,0.7224117317760339,0.05171512555074223
17748080,아르켓 카페 가로수길점,강남,카페 디저트,4.8,35,0.8960186279301844,0.9687611372596883,0.016121455194075027,0.08621373067776109,0.05401878990502517,0.07411929809529068
2122601987,아틀리에폰드카페,강남,카페 디저트,4.0,0,0.8762303400876644,0.8522961982649554,0.012649408419996873,0.007696159803516221,0.12208226304190774,0.02364027500052332
1097688606,카페카푸치노,강남,카페 디저트,5.0,2,0.06677374806297416,0.05729916358010306,0.015488839691693679,0.010928193790194213,0.12762208098548428,0.06630367251773964
1994479496,통큰감자탕 건대본점,건대,한식,4.6,145,0.006930537596383862,0.33562506594483943,0.09879130708258108,0.018357009373426828,0.008467904509283818,0.0
715808397,연탄불꿀곱창,건대,한식,4.4,44,0.04973100169881217,0.3587386933363836,0.5889507813149456,0.11528095314361086,0.028814507191561197,0.03753398878745127
2103908554,정면,건대,한식,4.6,618,0.08959087723311444,0.3983803672665562,0.13031458848552163,0.21174407172095433,0.045817945178614844,0.009409221902017291
7831256,대원칼국수,건대,한식,4.5,222,0.004135148547392508,0.6513509693935337,0.09913741433308129,0.05166596604167805,0.0,0.009334297043555782
12183322,재희네식당,건대,한식,4.6,37,0.04417171496993464,0.5165237502179802,0.049544304859077695,0.036963100713147526,0.028573298527387183,0.008406536204113042
1129498256,풍년상회,건대,한식,4.5,81,0.020047186475693448,0.5530532661733839,0.22189343407867124,0.08534177787309061,0.2171240895184721,0.05210579514128833
1284850607,구의동손칼국수,건대,한식,4.6,87,0.007147558029597481,0.5586819673903538,0.07495126672997487,0.11102175256350601,0.012526777870506555,0.022497403423975437
13613012,알촌 건국대점,건대,한식,4.5,21,0.05689243362566719,0.331752053329391,0.10780043638387106,0.051182045645790535,0.07469120961576846,0.10690385661340528
1034593873,뇌산 마을 건대직영점,건대,한식,4.8,190,0.9142563681698992,0.9709233258937732,0.6943109253350069,0.7615217698979388,0.2010864007394657,0.082534569513627
967000236,박과장의조은회사,건대,한식,4.4,494,0.9604192233234268,0.9809709117237712,0.7823925743129557,0.7501124400006838,0.2172424444470619,0.1812970831596432
1032401631,미가담,건대,한식,4.3,48,0.009674018384948954,0.2500550647385406,0.08298325809813367,0.021032869358381678,0.0,0.0
14984027,자양감자탕,건대,한식,3.1,36,0.006469271770141323,0.18149769403257626,0.03871526646892601,0.04488569520317531,0.10015075803167652,0.0045389048991354465
1776400057,열불날개 건대본점,건대,한식,4.2,276,0.00683172866825063,0.7665641517779872,0.07145729515201149,0.6237050822336732,0.017584414758114623,0.0
18542711,스시오 건대점,건대,일식,3.8,187,0.13205742425067193,0.3137813070570285,0.15443917972747553,0.09480361920802355,0.11584503810084947,0.024574108358564252
8029124,우마이도 건대점,건대,일식,3.9,249,0.0344686480251952,0.8570353276363529,0.03330743995057995,0.14177535196797902,0.03308520520055117,0.009177224643283896
18834003,요비,건대,일식,4.6,816,0.9172428315971755,0.9539293207202239,0.15614080366165356,0.160389239355138,0.760201924369533,0.2634698958508185
11989881,호야초밥참치 본점,건대,일식,2.9,681,0.0336128723231485,0.5587244540553421,0.06968362465663909,0.5737527402315346,0.022042027206799437,0.05353451647913528
1990556306,멘쇼,건대,일식,4.3,221,0.8075223971898022,0.8256635159771936,0.017508713951996345,0.09548576332366031,0.0,0.009021366108846369
129897442,고베규카츠 건대점,건대,일식,0.0,2911,0.9236551194462591,0.9465114213048369,0.0,0.015863294798909845,0.03857918003777459,0.015915337709864613
1277643944,가츠시 건대점,건대,일식,4.4,53,0.048809274207640654,0.5601444231399505,0.09909188475842402,0.03136547155122015,0.03491509906648738,0.009547646594443899
1441425449,오코노미야키식당하나,건대,일식,4.6,378,0.054880723616421594,0.7837592427093685,0.10567114165569363,0.6357302038368046,0.6088130314384084,0.021091788424020798
26874320,포크포크 본점,건대,일식,4.2,111,0.02004902521682264,0.4875498697213267,0.006322405333020547,0.02859597715916552,0.004569138276553106,0.008932894179594458
2124112913,부탄츄 건대점,건대,일식,3.7,149,0.033127239500850725,0.23506201771688132,0.027933345465611117,0.09816401032252568,0.009043786162678999,0.012704266604754166
26602338,스위트앤카츠 화양직영점,건대,일식,3.5,91,0.045018746742019396,0.33676367717579153,0.11064005664689723,0.049721517216079605,0.06051935473180795,0.035719339983228134
26639136,홍도초밥,건대,일식,4.2,76,0.04045528846053219,0.19527031181293453,0.14088910653356865,0.17447200528895204,0.013241789044062986,0.0174092937060906
1451273565,오마카세 오사이초밥 건대본점,건대,일식,4.2,304,0.9317637617034674,0.9552169314260291,0.6510616927634015,0.6723651678699908,0.5580371767674208,0.21838258975779573
1477555417,초라멘,건대,일식,4.6,172,0.13345801660381365,0.6980591152636422,0.55357283689453,0.17852538550890595,0.21064176458822953,0.04354393630111126
101376727,코노하 건대점,건대,일식,4.5,206,0.6006022057155639,0.5264667619080893,0.0852527908918506,0.20284740058125791,0.0029622063329928492,0.009021366108846369
15092552,겐로쿠우동 건대직영점,건대,일식,3.8,121,0.03267221238198041,0.31003418035117336,0.04655533845608252,0.03136111960521995,0.07090379004531915,0.0693584726275605
798519975,멘츠루 어린이대공원점,건대,일식,4.4,340,0.06109919391766379,0.7487018770799289,0.05390908779949741,0.06274738643299463,0.008026585014409221,0.008711217183770882
759662030,스시온기,건대,일식,4.7,86,0.016138341492343236,0.6991427208523467,0.1172460956802378,0.08610964782520875,0.02676099443341717,0.0341317315365443
341349377,고미돈까스,건대,일식,4.2,847,0.0985698016064595,0.342098138332127,0.028452248550577482,0.11489373540233946,0.0443813778356941,0.025966297550631068
335180419,동경규동 건대점,건대,일식,4.0,66,0.8005056223330921,0.7896900780809776,0.12338893488698105,0.15254298232024938,0.05437417568403219,0.023312020890248128
251280950,강경수참치,건대,일식,3.9,37,0.8890631099543894,0.9673323098463823,0.05754415855442949,0.07546091354105013,0.05102320988232651,0.04489566607248911
1176716498,난바다스시 구의본점,건대,일식,3.6,167,0.06691728773630977,0.5139996086622332,0.09430742583663643,0.14151366006618532,0.09690898281758732,0.0856643001175748
917132114,긴자료코 건대점,건대,일식,3.3,181,0.05848973970443547,0.32729728238628086,0.16234062657572462,0.18077945699064873,0.15292728411110265,0.008971596669513917
7971958,시옌 건대점,건대,중식,4.0,66,0.0,0.36821873449697806,0.03634576823863862,0.025113451909149792,0.003510392609699769,0.0
404796788,용가회전훠궈 건대점,건대,중식,3.8,840,0.07776417444934909,0.7493915643932728,0.0689924683754967,0.07394609023991736,0.11518304912527308,0.38096798976593654
27594064,훈춘양꼬치 1호점,건대,중식,4.6,217,0.0,0.7575219393210181,0.03677987081743248,0.1312586446412184,0.030771941946952843,0.005
1419567762,중경식객,건대,중식,3.3,202,0.006936927043373413,0.6408594182384715,0.04338570690415407,0.10014206565205332,0.09277486693313376,0.008344208474402379
15101449,빠오즈푸,건대,중식,3.9,306,0.012988192151958948,0.794662498629347,0.009806610080487265,0.0981998748046104,0.0219354793623738,0.0
14822911,송화양꼬치,건대,중식,4.2,297,0.04140532559921193,0.7342657756770206,0.24793191820443686,0.6577751611378706,0.0893384106439169,0.019667970684628923
21232416,화원식당,건대,중식,4.5,22,0.021934038203000012,0.3331801495482558,0.0934140710752187,0.04483468034140193,0.16694601342884619,0.02776166390417299
1736699136,시홍쓰,건대,중식,4.5,262,0.005313856838334268,0.32206758221658804,0.5762696737819076,0.06517363718794247,0.019556316144623557,0.014447947644574091
86584378,고향양꼬치,건대,중식,4.4,1090,0.9127341679394111,0.930110561482639,0.27462084051904784,0.21797971557610166,0.1873243805645336,0.6947379348031846
1209599122,명봉반점(명봉양꼬치),건대,중식,4.7,571,0.8609374853184661,0.9402554616901889,0.30143707061774494,0.7355560481981476,0.043751900132782094,0.03395323265120492
19983662,매운향솥,건대,중식,4.2,292,0.016664873344345084,0.8551615003537393,0.019341076979352126,0.5466140592614149,0.026392998239733713,0.020101143145904176
26575482,매화반점 본점,건대,중식,3.1,184,0.03197212398464098,0.7597211683923665,0.01948962902305974,0.6182902418701485,0.006638149422618168,0.0
1073241380,송쉐프 구의점,건대,중식,4.1,53,0.04740490665353172,0.8275557179574003,0.039852105795606795,0.10794833700175824,0.048856899056851505,0.007948476363037391
14663453,대흥양다리바베큐 건대점,건대,중식,3.9,819,0.010104851581557363,0.8243545706527773,0.010052717819855206,0.08526272367738878,0.013750777313971296,0.004582132564841498
1467670437,송화산시도삭면 본점,건대,중식,4.1,576,0.0,0.8261499073863596,0.018805157976380542,0.1067178950798815,0.009066896418493158,0.009699543199058398
19667607,화양양꼬치,건대,중식,4.1,534,0.030035466793569353,0.9432160500861748,0.04133297394011505,0.22154715050855409,0.082148229245982,0.044826929198693646
13578218,건대홍매양꼬치,건대,중식,4.5,226,0.0013260025873221214,0.6821679524198081,0.14125411888373482,0.033173361752194326,0.008021515582977376,0.00484167517875383
1510841423,희가덕,건대,중식,3.9,2,0.004967531335312756,0.33561785664794647,0.04060803335238084,0.020972876244964894,0.012378521739774637,0.01803403826415901
27320023,금하,건대,중식,3.0,58,0.8892863010870752,0.9658971686214264,0.22881908030001244,0.10975132268488272,0.38260314083030067,0.20541139669903813
564820030,뽕사부 건대점,건대,중식,3.7,1780,0.921975795464583,0.9491424303439022,0.21099237191687034,0.1988116231184468,0.14326611099305597,0.17613931416782327
1937698930,무한양꼬치,건대,중식,3.4,65,0.025029949433135787,0.6743090271528209,0.04191062282829993,0.048090283992715505,0.15767688387645867,0.039860326409219354
21328608,세종원 군자본점,건대,중식,4.5,83,0.02016185408636294,0.7979322937106125,0.04359249287234266,0.09500981828211832,0.003049040511727079,0.0
14746550,동북풍미,건대,중식,4.7,530,0.06020092143123294,0.8276933447752484,0.6226085065325453,0.23309417570708071,0.09716080509887032,0.0835183484262441
1624333045,래빗홀버거,건대,양식,4.4,100,0.02909786331595959,0.7146378204527033,0.08225054549572822,0.07136819471710261,0.14765518161236652,0.080969795261344
1359276887,마초쉐프 건대점,건대,양식,4.0,1377,0.9466120528359384,0.9653848158130982,0.2221948618213859,0.3396302019780058,0.09715059197518845,0.05196636133023078
21929635,로니로티 건대점,건대,양식,3.9,757,0.5621695301132371,0.6745639071211077,0.18320895874492302,0.16241694016947505,0.06584251089652877,0.011070881610989888
192485759,탄토탄토,건대,양식,4.9,632,0.9549595044795529,0.9791852327850523,0.3571732122861592,0.6462613773719655,0.27936432995157556,0.2157645112179979
1280863801,엘루이피자 건대점,건대,양식,4.0,106,0.9027425539416555,0.9525078889965328,0.24653509462940895,0.5999421443930908,0.1725139745977934,0.05801502334836627
1159203702,비에이치테이블,건대,양식,4.5,131,0.0269833866752009,0.6107366961608867,0.05444903789595206,0.024666382541549403,0.003973154362416107,0.015190863015549276
1093085311,수퍼슬라이더스,건대,양식,4.7,223,0.025095185929449534,0.258293154619287,0.06987052052577476,0.037094622304403545,0.05720335378631985,0.04982024118495347
26844606,모모스테이크 건대점,건대,양식,4.4,24,0.19155022393567106,0.3339986160110635,0.18718477435502567,0.11564046420023807,0.16740306371805194,0.05523356458027586
1854024237,피자빌리지 건대직영점,건대,양식,4.7,282,0.9352489908872513,0.9523084128557519,0.7053413871127928,0.29514472609899967,0.6147573673993072,0.7056802124401607
1714194607,타코벨 건대스타시티점,건대,양식,3.6,73,0.038815823750897316,0.2793820708469584,0.11376349170166539,0.0787095305255679,0.01701099059601856,0.017317415189631348
1395441458,트라타 건국대점,건대,양식,4.1,77,0.5887193680983569,0.9864398254471505,0.1494621636204817,0.08640659441555147,0.11243727348125665,0.030014219101759495
1137599191,호파스타 건대본점,건대,양식,3.8,54,0.5693821446844768,0.9839845610330709,0.647087430908801,0.049515977114744,0.019129594429153775,0.01795640937421068
15397973,메이빌 본점,건대,양식,4.2,152,0.8415192161623392,0.966183614213109,0.21219452536367517,0.05519006706109308,0.05308792541800585,0.05704605571565237
12353328,르빠니에블루 건대점,건대,양식,4.8,48,0.892432982293316,0.97510935250896,0.0918228449392467,0.09853778232381359,0.6344406363761359,0.04056930152385488
1636342582,플록,건대,양식,4.5,138,0.9520996233319312,0.9733656402326407,0.24010689031162916,0.2647774414903035,0.09555212616573883,0.03868769807363545
515064996,누이테이블,건대,양식,4.3,74,0.9269513944555553,0.9810619948758926,0.7562081985709334,0.27982005636537355,0.23254252675837628,0.08112192013703623
146917287,케밥인 건대역점,건대,양식,4.3,3,0.031279531610770815,0.21607652937978045,0.08642109782886916,0.02874075122389947,0.014902359938033157,0.01122450788769085
445617173,버거리 건대점,건대,양식,4.4,120,0.08018790951516017,0.3663699959127451,0.13759465567625478,0.11962499594433584,0.04256372064950143,0.07273262603286816
1224241965,얼라이브 도우,건대,양식,4.9,17,0.8812681078447373,0.9415940741730405,0.3602774392488872,0.7521866998006663,0.05853174248638762,0.007373574622467572
1743678316,밀플랜비 서울건국대점,건대,양식,4.4,12,0.04535996525503185,0.6844764967675628,0.16207848502209607,0.06681012137748799,0.07241181105560254,0.6794280213519376
7834623,도미노피자 자양점,건대,양식,2.0,5,0.04839648410807474,0.5618484636786927,0.05637714163890156,0.036043606706351844,0.040144447586704345,0.008260155167240567
16794755,파파존스 건대점,건대,양식,3.9,6,0.07464436715809517,0.21732069867349676,0.022540794847438258,0.020844985048747253,0.11788486032653696,0.014960110778770656
329888781,라 파밀리아,건대,양식,4.2,29,0.9205611852750356,0.9648854235984401,0.11361498558777101,0.05313204756351503,0.7870052388955548,0.22104580469019727
815422758,카페드라이,건대,카페 디저트,4.3,199,0.9749589165675481,0.995,0.129648466396827,0.07373861790974122,0.7489500504590103,0.39343305003785894
2041291831,카페 고은별,건대,카페 디저트,4.8,35,0.14932244846732634,0.693640481123622,0.08479542462598605,0.1261570810615865,0.012054172719745964,0.023012306956765437
1371691028,로이베이커리카페,건대,카페 디저트,4.6,76,0.893780767058449,0.9493363472286009,0.14394952713195858,0.08132733219235654,0.007890410063952264,0.025968951896489116
109883906,베이글카페 화양점,건대,카페 디저트,4.6,5,0.9014753936764887,0.936119683088761,0.11449463791258718,0.09037934260359566,0.0945924488618866,0.15881050375177438
1183453835,디저트39 건대점,건대,카페 디저트,3.8,26,0.12987123442713025,0.7713448013594218,0.017177527110911407,0.06432825229138724,0.09117227054451871,0.02627509788302754
312522567,카페더유리,건대,카페 디저트,5.0,30,0.9530402408626731,0.9844623452526657,0.09569853280412763,0.08188155576602733,0.14073470726132556,0.02597846145116202
559083996,카페&와인바 정원들,건대,카페 디저트,4.8,267,0.9815269752698321,0.9900829843222099,0.1149049417012216,0.029010261103154585,0.17143890622427238,0.10104030698625525
1792935944,성수율 카페,건대,카페 디저트,5.0,69,0.9879550728603607,0.9923241581826933,0.02559740736197428,0.022271771637051338,0.12236473908662518,0.05003381314038589
250282602,디저트다운,건대,카페 디저트,3.3,7,0.1036841833047578,0.5469838119821812,0.004380403458213256,0.03416103156805798,0.5465111963896073,0.011188883884779349
1281616654,카페051 자양점,건대,카페 디저트,4.3,3,0.9154855095081089,0.8851108842039683,0.008535988754004803,0.008131579721225666,0.13866038502175115,0.049280121118476294
912566590,카페 안데르센,건대,카페 디저트,4.7,14,0.9043448424681759,0.9695487948650774,0.03254427275858001,0.06383973162561228,0.04564324339019546,0.08820566862859454
1688624513,타오디저트,건대,카페 디저트,0.0,0,0.022027334873911796,0.01696046202998562,0.0017933491686460811,0.0,0.027155407241200427,0.001770601336302895
1745892454,히포디저트,건대,카페 디저트,0.0,96,0.9752395474866009,0.9671103791791711,0.0,0.004710365853658536,0.01416156783737568,0.008647185085721874
1404516671,카페그린24 자양점,건대,카페 디저트,0.0,2,0.03477273364691793,0.01929481047057201,0.0,0.0,0.03585857727001887,0.001770601336302895
546467904,느긋 베이커리카페,건대,카페 디저트,3.5,124,0.9580155716982028,0.9686252274672053,0.08462537013536708,0.05735708740124492,0.11071278321443448,0.0188795148248302
901787793,봉봉디저트카페,건대,카페 디저트,0.0,22,0.9538113808929504,0.9595336275158941,0.0,0.0,0.01416156783737568,0.004994702816218328
1131229119,카페만월경 성동송정점,건대,카페 디저트,2.6,5,0.0964299863121356,0.23590781943352712,0.0,0.0045389048991354465,0.11974329823329484,0.001770601336302895
1894809228,우아한과일&카페 건대점,건대,카페 디저트,0.0,4,0.03477273364691793,0.03429552129067586,0.0,0.0045389048991354465,0.05072866967417927,0.001770601336302895
518064341,카페위켄드,건대,카페 디저트,0.0,8,0.9219110202108108,0.9502639491936817,0.0,0.0,0.025829576863755758,0.006448515446732342
26409926,카페드림 세종대학교동천관점,건대,카페 디저트,4.0,0,0.018541666272366794,0.03589424741911628,0.0017933491686460811,0.006648654885295079,0.10730071862370247,0.006223050904026238
1295730014,라크렘디저트랩,건대,카페 디저트,0.0,0,0.022027334873911796,0.01696046202998562,0.0017933491686460811,0.0,0.027155407241200427,0.001770601336302895
1238845838,디저트39 강변역점,건대,카페 디저트,4.4,84,0.9431804232471,0.9543797597810507,0.04022844229070119,0.025257921760691856,0.10473312816282979,0.6329990329534855
1375695497,카페씨떼,건대,카페 디저트,3.1,238,0.939889786992152,0.9872826730319525,0.06076875644350954,0.08047681454899511,0.1621949614414415,0.05612313867060264
25049102,해주냉면,잠실,한식,3.5,216,0.002496998799519808,0.24726588108414102,0.0020338983050847454,0.06851531019333731,0.10602967262051113,0.00899135446685879
16082320,늘푸른목장 잠실본점,잠실,한식,3.6,425,0.04346428632061142,0.5629172253140348,0.05395791459876793,0.14822212944894322,0.09263705545893731,0.03144785724229785
14878561,남경막국수 가족1,잠실,한식,3.7,287,0.00046237915090374096,0.20844464628930448,0.0036270022883295194,0.11127756110375076,0.06140336186477049,0.008475005958700788
12347827,담은갈비 송파잠실점,잠실,한식,4.3,374,0.9425749655445269,0.9328120696817203,0.32356284738131147,0.20599250841533817,0.8302771244177862,0.80545668910334
27303080,부일갈매기,잠실,한식,3.7,246,0.00732120714969114,0.11700782430958803,0.012753161509227087,0.5935689060363172,0.5864128197363779,0.021637984184004887
2117466906,큰손닭한마리 잠실새내본점,잠실,한식,4.0,147,0.0,0.598787809568596,0.016494043062651433,0.030847828441580915,0.01238963713823852,0.0
72177172,미강식당,잠실,한식,4.5,496,0.02522485383514098,0.6833812746698805,0.09515232237672898,0.18651293679194986,0.2056358175918832,0.11482222382049102
12394987,대성정육식당,잠실,한식,4.5,374,0.06460816514838989,0.7522363470075669,0.07350800057013494,0.1407220400043882,0.08211497033395006,0.04131176459888601
13582223,토마루해물칼국수,잠실,한식,4.0,362,0.006614306220889149,0.24954269932315196,0.06891967425079595,0.06537689840349843,0.03220907800326542,0.018609932829262665
22513020,청국장과보리밥 잠실점,잠실,한식,4.6,395,0.48663758100709387,0.7690913019348539,0.7240734294701474,0.6333687165106532,0.2873228584389642,0.10618718890219228
272016174,화포식당 잠실점,잠실,한식,4.3,119,0.0011407766990291263,0.7884384064183737,0.029845897414887655,0.038007760262175734,0.0,0.0036524822695035456
2020430696,연탄부락 잠실새내점,잠실,한식,4.2,342,0.019432219924398104,0.17471112093771335,0.09648305366299152,0.14003563850917078,0.1115269057215508,0.01586280504559441
1346139956,진원소우 잠실새내점,잠실,한식,3.9,253,0.04898651425772348,0.7074977242378543,0.03902777365070321,0.08851444329467112,0.09000193136329669,0.013874173907390954
632501910,논두렁 우렁쌈밥전문점 본점,잠실,한식,4.1,129,0.010632091421982,0.2645636516396322,0.09080124276260693,0.11117330625704301,0.014465161214274347,0.012298314290041454
11170449,장수식당,잠실,한식,3.6,199,0.011656072557908235,0.2996734848036994,0.025048953726231154,0.14164714178415977,0.0377457179732904,0.013346811726947105
1755004918,신천생태,잠실,한식,3.8,9,0.03129892352584863,0.7365191693748631,0.07409370430125473,0.09610947952491167,0.020168300029313264,0.0
939202585,생생아구,잠실,한식,3.9,47,0.002430250636847516,0.49392766777752795,0.009669738863287251,0.025601908266446986,0.0046860643185298615,0.0
1500248496,돈푸짐감자탕,잠실,한식,4.1,128,0.02732196956504309,0.1944895849450093,0.08763763410154002,0.08008710148097269,0.07020593761039724,0.002928709055876686
2051262927,정담옥,잠실,한식,4.0,1633,0.10615391790719783,0.7351894932851651,0.12602813326830975,0.11332274403196188,0.03609655126306468,0.015951009773215105
617218371,초대창 잠실새내점,잠실,한식,4.5,1301,0.02595036931090195,0.7734794804985492,0.08012698631088241,0.03714414663465927,0.03412618770355658,0.03530231562315981
648596761,팔팔감자탕,잠실,한식,4.5,60,0.025718326932946275,0.6040514211292021,0.041237382543945635,0.12190664441333661,0.02772288226584826,0.0
27342866,갑돼지 신천본점,잠실,한식,4.6,12,0.039346195442239745,0.37529630907087813,0.029990663506469718,0.08761103524002226,0.01959666708432527,0.0
569946456,왕게수산 잠실직영점,잠실,한식,3.7,18,0.16395780803768684,0.7634819782071464,0.22719273900378048,0.05486952872910753,0.6814625741471966,0.052613823001153276
24787517,벼락가우리 신천점,잠실,일식,4.4,69,0.07580654334644202,0.7246271727933202,0.6141918305104547,0.1049292893542154,0.5287718617975863,0.025493958374464967
437494532,상무초밥 잠실점,잠실,일식,4.2,1118,0.08552360819075265,0.30356136716115056,0.11929594039728263,0.15550659021237995,0.06646445009963894,0.051978102534066324
777232005,이치고,잠실,일식,4.2,323,0.9556274720675317,0.9926716141001856,0.1595690851312051,0.7217598671057837,0.1208976313348756,0.2570339036708077
19901368,호시아이,잠실,일식,4.0,31,0.8673134171159699,0.9503756726217202,0.03406413203175184,0.027849567396461748,0.5473381411724724,0.11034288926250987
22895272,김자순수제돈까스,잠실,일식,4.6,39,0.03765831673934983,0.7808285032770677,0.072313270393035,0.13923130540623319,0.02983702976288459,0.011095628288488235
1185756352,미카도스시 잠실새내점,잠실,일식,3.8,202,0.8504306307749481,0.9129366869178176,0.18171427343168017,0.2008381805956455,0.16001999938537476,0.16426366608850262
207152855,고쿠텐 잠실새내점,잠실,일식,3.8,523,0.05695860336824858,0.7842950498003948,0.15433442693210303,0.25036940556499754,0.012555373946382033,0.02364564480370359
24876140,스시애 잠실점,잠실,일식,3.6,74,0.05682930213016094,0.2837592069268896,0.07578409536007827,0.07847799384942547,0.09941366694351482,0.08918567992788509
127635058,백소정 잠실새내점,잠실,일식,3.9,204,0.06959934303112068,0.7078025897627791,0.011394051826941526,0.10827583746527994,0.06826930274673548,0.08290447164962902
1079129782,오하이요 잠실새내점,잠실,일식,4.5,367,0.9510615002201024,0.9619243410787385,0.6497898221858788,0.6505923607927587,0.2057740422123166,0.6214684120568809
1973363690,효탄신참치 2호점,잠실,일식,3.9,120,0.913543571871313,0.9623555775158803,0.01069135259288591,0.0692979384361664,0.08727704560828477,0.22837567675414683
19636716,돈까스집 잠실점,잠실,일식,3.8,17,0.062003334622848294,0.6425771476116299,0.018641559282514524,0.021829009436074867,0.12690812247477923,0.02857926046640861
83610723,끌 잠실새내역점,잠실,일식,0.0,629,0.9874481913938689,0.9799326003083654,0.002312977099236642,0.02253956901354835,0.009214758748848518,0.02255731597742213
26092963,마카나이 신천점,잠실,일식,2.8,34,0.03412287492981292,0.18132461313875356,0.014462213794524427,0.0359103874595268,0.019167249670668976,0.010090064145129656
803844455,진작 잠실점,잠실,일식,4.4,63,0.7982522315538838,0.7946866626030561,0.666998269404442,0.672267172360476,0.029224317112337358,0.04324188902264586
1595983289,나레초밥 잠실새내점,잠실,일식,2.5,16,0.019460307445660886,0.250640180955639,0.04733077241908383,0.16965873533801112,0.022751075359982456,0.03980960865510611
18825490,사보텐 신천점,잠실,일식,3.4,31,0.019373160275879653,0.6846516627198683,0.030890016389925237,0.1020994346094761,0.03283541545992123,0.016240061035867847
1829516623,수아영,잠실,일식,5.0,158,0.08258749778109271,0.7301512247118687,0.03424051801758113,0.045673587616199544,0.024737151570460483,0.03411381704024733
903958339,도마카세 서울잠실점,잠실,일식,5.0,207,0.9757930978874731,0.9837920180532745,0.697271775737728,0.6809033951669511,0.6489234348660835,0.7483816514012679
330796545,마스타 하이볼 잠실새내점,잠실,일식,3.3,566,0.920823704978026,0.9331622837911735,0.025792977873995815,0.6352722423120319,0.05662728644573793,0.5537709103301992
27609075,야나기스시 잠실점,잠실,일식,4.6,24,0.05874559500277457,0.28599731004910356,0.01341353588247698,0.02407542676356624,0.05833480205676714,0.005958485197761234
1633434972,"깃뽀 (잠실새내점,종합운동장점)",잠실,일식,0.0,654,0.9874481913938689,0.9849326003083654,0.002312977099236642,0.015221056941895112,0.009214758748848518,0.02255731597742213
1215528865,스시화,잠실,일식,3.7,0,0.05421992237098649,0.5884413394406492,0.06166873180139918,0.08787585828264671,0.027500133753551013,0.041006451119152555
1181524598,도삭면공방,잠실,중식,4.1,300,0.005224610831677615,0.617962402874019,0.03173917150251178,0.053596866332017,0.003675,0.003162839248434238
20000047,태민양꼬치,잠실,중식,4.4,178,0.005,0.372858140126882,0.024768964809633455,0.05143069763766659,0.006822327558025499,0.0
21211219,하얼빈양꼬치 잠실본점,잠실,중식,4.4,44,0.02230122524710592,0.6776644103443769,0.18132747490350185,0.0566227917565025,0.08099197011539523,0.03939357695867216
22045782,신천마라샹궈,잠실,중식,4.6,43,0.01976133075282387,0.33829514803538535,0.033680498776853696,0.07654412028323408,0.0033747178329571106,0.01848316396177764
746540152,미친양꼬치 잠실점,잠실,중식,4.8,114,0.9218191260457769,0.9014361475084803,0.7590891687869366,0.6101695454205545,0.2446902478866462,0.7243357038771773
151815749,홍콩완탕면,잠실,중식,4.8,389,0.06440971446197492,0.26420115562962954,0.013654639589471506,0.046352377865300935,0.0516642332251675,0.04669661114559043
17515271,동북양꼬치,잠실,중식,4.0,29,0.0008570198105081828,0.6414686160162562,0.02310443303139182,0.5217169917711905,0.0,0.002306002928257687
1532596067,케이웍 잠실본점,잠실,중식,4.2,182,0.01967106561189344,0.3118027935444853,0.16118631424956079,0.17395875358315796,0.10911456706453483,0.09103339709257946
894027816,샤오롱바오 잠실새내점,잠실,중식,4.3,608,0.004016064257028113,0.6427729833553653,0.06538381642976918,0.05837582342635037,0.008401494187031556,0.008020707268738807
11831479,신천양꼬치,잠실,중식,4.2,27,0.014681116259661665,0.5601329582980119,0.017394168317519547,0.08986708578513415,0.032063705276826206,0.012580463207962047
10445041,빈궁,잠실,중식,4.1,18,0.08688614829681579,0.6865996565118633,0.007549455337690632,0.008933717579250721,0.043083767103428504,0.0038321167883211683
9189132,심포니오브차이나,잠실,중식,3.9,116,0.051232118127114014,0.2208844020762315,0.6214154755648551,0.06468910596075879,0.1496237610011214,0.042934168588470135
27204427,미성양꼬치 신천점,잠실,중식,3.3,388,0.03320970534979261,0.6550984650126425,0.01774146937746899,0.1738001134374117,0.022586976056730008,0.021812810211015648
11678657,도림 더 칸톤 테이블,잠실,중식,3.6,156,0.9050365071482767,0.9703973347204942,0.13221945415788253,0.14741934779286517,0.7486556503122689,0.6991899746700743
732638033,만다복 롯데백화점잠실점,잠실,중식,3.2,110,0.04460681139533126,0.16160439344111954,0.028527404970187624,0.08950175709936291,0.01260025009266755,0.022532784783166206
1624154892,대홍소양꼬치 잠실새내점,잠실,중식,4.5,57,0.09759073973675904,0.579729204829441,0.012386394577149231,0.039064183930850815,0.0,0.00413157894736842
8143061,도삭마라탕,잠실,중식,4.0,25,0.028130996856384306,0.33085302013496737,0.009638540576923607,0.047523246054554866,0.004710610932475885,0.0040600522193211495
2036408963,춘리마라탕 잠실새내점,잠실,중식,3.6,40,0.010317725851146544,0.5125882746791419,0.02933949047486925,0.02424827117427093,0.07342346058906087,0.004742424242424243
1179913558,취향마라 잠실점,잠실,중식,4.6,6,0.024056747286814232,0.584143645094426,0.10702999990536144,0.027981134493672975,0.023304616527375165,0.002928709055876686
1356937291,하얼빈양꼬치,잠실,중식,4.1,118,0.8117946741910143,0.9147199515223964,0.003482758620689655,0.1187326947546095,0.04863865317688512,0.061701004779212344
27109494,명가교동짬뽕 신천점,잠실,중식,2.0,73,0.07162628022150891,0.26062619455537656,0.008407799693102286,0.01267781304217706,0.09402751102858418,0.025642145671306266
503589100,라화쿵부 롯데마트잠실점,잠실,중식,2.3,123,0.03578700729724868,0.7749900175675707,0.02737165425465352,0.22096874464636168,0.05719760788661295,0.007179867711305115
142063848,짬뽕지존 잠실새내점,잠실,중식,2.2,206,0.11973483206263402,0.7921399482834892,0.0,0.010845689424665843,0.06628479653093317,0.024093195896790754
24693042,요리하는남자,잠실,양식,0.0,2121,0.9843226467641071,0.9725826971561982,0.0,0.009628769676421711,0.019384076950002743,0.004567723342939482
26854841,바토스 잠실점,잠실,양식,3.4,87,0.9406005785574341,0.9877582483780424,0.11915692445958037,0.2067616148632918,0.011087930669879491,0.030644555236289193
1646627925,폴스,잠실,양식,5.0,47,0.9467877244498584,0.9670019260225707,0.1880623200200398,0.3567304217911537,0.1418198327025098,0.02234966486604496
8000883,알루메 (AL Lume),잠실,양식,4.4,13,0.955696417040498,0.9826847426396447,0.2656789768564442,0.21988073111561335,0.19368097892368233,0.07441789172383739
240439843,투파인드피터 잠실점,잠실,양식,4.4,1365,0.9543880769485321,0.9364565545446397,0.30809717489783955,0.1382279509718915,0.38009983701565486,0.7967928406632048
119414440,아이마미따,잠실,양식,4.1,16,0.9341873794623768,0.9776572086623518,0.5929502043483964,0.8080344773358833,0.013904210377210832,0.0037006960556844547
1979946120,교양식사 잠실점,잠실,양식,2.7,41,0.9463511616412683,0.9650185721234845,0.020303373174164353,0.6576128439550634,0.03056396927729891,0.0034855233853006685
664185361,버거그랩앤치킨,잠실,양식,4.1,10,0.080939872296527,0.3397622085100673,0.06178877440441953,0.18635568334670793,0.016565672650442377,0.0
49408452,버터핑거팬케익스 롯데백화점 잠실점,잠실,양식,3.4,37,0.9151415583805703,0.9818410053464041,0.12188081022579848,0.25686446349828396,0.027318273335577913,0.030837501180663137
884833457,까사피에스타 송파점,잠실,양식,4.1,554,0.9734614384295027,0.9705915471919715,0.10129355373190536,0.22950779242189853,0.11599576698842001,0.1306769488673546
1845251816,잭슨피자 잠실본점,잠실,양식,4.0,242,0.020778892262217127,0.2545890167468437,0.028324053144635056,0.06486719315050672,0.007696962030003271,0.0
1715602137,긴밀,잠실,양식,4.8,179,0.9611182225997426,0.9623460928542201,0.39932667452238446,0.21981772669896024,0.2482900515602819,0.23901475235849187
1579694910,래빗캐슬 잠실새내점,잠실,양식,0.0,725,0.9873407554160185,0.9761417749659965,0.0,0.0065325772916521715,0.010445067094806531,0.0
650197751,미즈컨테이너 잠실점,잠실,양식,3.0,50,0.03510928483434405,0.6164050937584706,0.02050363872726943,0.048465917068794495,0.0038746803069053715,0.0
1153193388,멜팅소울 롯데백화점잠실점,잠실,양식,3.2,301,0.15610660741185003,0.7588283788023225,0.09815312666903374,0.16204343911453153,0.03718525529579103,0.02724603191057693
854991107,도스타코스 잠실점,잠실,양식,3.7,34,0.9021324658726794,0.9509288684003349,0.0644471390397292,0.12015285839108979,0.0305328276572439,0.025709603457685633
1729480279,파파밸리피자 잠실롯데마트점,잠실,양식,5.0,192,0.0617876539182855,0.27978027565380065,0.017385911716907402,0.050575798671101894,0.022663663776738535,0.02068607415002969
783846314,비엘라,잠실,양식,3.4,132,0.981587509847058,0.9898806443068157,0.05640700905104541,0.29793194155767216,0.10979462943157639,0.07482413399832083
1119487795,노모어피자 종합운동장역점,잠실,양식,4.0,37,0.10296315400762403,0.24686507608595012,0.021418082676647496,0.02037598730510125,0.075761926038017,0.009146639170169826
188889459,어론피자,잠실,양식,4.3,57,0.9315441808353542,0.964838768594166,0.1414922930477578,0.43813374823191525,0.004710610932475885,0.0
356255397,프랭크버거 잠실새마을시장점,잠실,양식,3.4,14,0.07072114000369151,0.6802931713601672,0.025733319700504506,0.028112391930835735,0.04528669909483208,0.0
708998718,보통의숲,잠실,양식,3.6,127,0.9847571822895768,0.9901040510324072,0.12658541868151593,0.7312917470351229,0.1325329583631563,0.08854158145721971
944487436,케이준서울,잠실,양식,3.6,98,0.962023139218742,0.9926657060518731,0.08221876387579359,0.6609123020797546,0.10214871481452065,0.026748245446019735
1551360827,츄빙빙수 디저트카페 잠실새내점,잠실,카페 디저트,0.0,0,0.04399126547968512,0.011306232042868465,0.0034457096836675405,0.0047479604819998505,0.016430985539262113,0.0
1524771785,카페타타,잠실,카페 디저트,4.8,13,0.6989493614798566,0.9681137989172184,0.6569267274053687,0.12923100452206382,0.14261839106783214,0.0514183697816395
1068761747,마이멜로디 하모니카페,잠실,카페 디저트,5.0,125,0.9453723691921355,0.8826182862021491,0.04998739559664583,0.010302115424663038,0.1510685544160203,0.04886191370934882
505219793,디저트39 잠실새내점,잠실,카페 디저트,3.1,13,0.8778967363585062,0.9865906740133097,0.03947839556369581,0.06938905383685733,0.03958013499788583,0.006286241518155247
1828240178,카페봄봄 잠실성당직영점,잠실,카페 디저트,3.0,5,0.9019608095656197,0.9573087839309844,0.01687255653148204,0.1000153472124933,0.026718317436654787,0.04662110673839826
1804061845,짱구 베이커리 카페 롯데백화점잠실점,잠실,카페 디저트,3.0,218,0.9706761458157609,0.9586175821682161,0.003526734926052332,0.005246135752688172,0.04129253262732966,0.003801452784503632
48005647,카페155,잠실,카페 디저트,3.7,2,0.9312860121733858,0.9469381688739859,0.015748491169918048,0.03166830206380414,0.23998943041697057,0.04450320099620257
1356720358,카페헤리터 롯데백화점잠실점,잠실,카페 디저트,4.9,93,0.947618486031319,0.9849030764635603,0.04132824301043876,0.1920766157916035,0.26814584213641873,0.05891768145001621
819724612,카페워크룸,잠실,카페 디저트,3.0,2,0.16061445630960253,0.16809510062624536,0.010852803875695366,0.10755290322027199,0.15423063033645384,0.003957816377171216
1223377096,더카페 롯데마트잠실점,잠실,카페 디저트,1.0,0,0.04677816283822216,0.011000677889821375,0.0034457096836675405,0.0047479604819998505,0.016430985539262113,0.0
1183753988,카페만월경 잠실레이크팰리스점,잠실,카페 디저트,4.3,2,0.9629669139675907,0.9286846082539323,0.050249401393925676,0.06729013776290016,0.8175333415950159,0.660229799446728
1089651822,카페만월경 삼전역점,잠실,카페 디저트,0.0,0,0.04399126547968512,0.011306232042868465,0.0034457096836675405,0.0047479604819998505,0.016430985539262113,0.0
733631255,제이에스디저트,잠실,카페 디저트,5.0,12,0.9273331170960271,0.8761123297328837,0.045069630308738784,0.01744600454275633,0.1598896793333954,0.03738650490281469
529268204,솔디저트,잠실,카페 디저트,0.0,0,0.04399126547968512,0.011306232042868465,0.0034457096836675405,0.0047479604819998505,0.016430985539262113,0.0
882921077,카페2.7,잠실,카페 디저트,4.6,663,0.9581185652512361,0.987871498988532,0.22463851721009973,0.10997796576381733,0.1926848672752116,0.16920814817024263
1471914362,카페만월경 잠실점,잠실,카페 디저트,4.5,2,0.9170239316005956,0.9320235503613624,0.026978467423537652,0.04700602174555324,0.7395487047132181,0.09774131286661145
471061232,카페아일랜드 베이커리 잠실2호점,잠실,카페 디저트,0.0,5,0.06976896086899656,0.06457558573362739,0.001652360515021459,0.009286865381135297,0.031566489447163455,0.0
1257470875,카페시나몬,잠실,카페 디저트,0.0,637,0.9798999680631284,0.9761439168113947,0.005179095441073791,0.0076125717138888545,0.02317581893392158,0.013789625360230548
607577498,카페모던비,잠실,카페 디저트,4.7,8,0.9476447698968137,0.9886257095450179,0.0845601554982615,0.18856348785171126,0.7962369128208442,0.09453329109519248
945880291,카페다반,잠실,카페 디저트,4.5,134,0.973241926822369,0.979896265052079,0.24350174758410723,0.14857222112301172,0.7898440861089537,0.2328544382866001
2045646287,카페618,잠실,카페 디저트,4.5,12,0.9453386402338468,0.9858937350380433,0.01852245042351092,0.6002987703360776,0.32086175159673386,0.05086797982242384
1936055591,카페코너574,잠실,카페 디저트,0.0,44,0.973423005663187,0.9532555080574739,0.003526734926052332,0.00938975152677597,0.022301635152504003,0.0
1718058455,카페쿠도,잠실,카페 디저트,0.0,105,0.9834266856203804,0.9644793964698951,0.003526734926052332,0.001209677419354839,0.022301635152504003,0.0036524822695035456
1731532134,정자매카페,잠실,카페 디저트,5.0,102,0.9425383423855981,0.9753430662245127,0.04083382667321482,0.047297823101056326,0.061773131197145045,0.07328690625587991
